1,560_1_9595643-9597613,DEL,1,9595643,9597613,2291.27,2.858288e-06,2.597817e-06,33,36,21,37,2,3,0,4,9595495,9595536,9597673,9597746,2.000000e+00,2.062880e-05
1,560_1_10482503-10483768,DEL,1,10482503,10483768,1530.50,5.512102e-10,1.363788e-07,48,45,27,37,2,3,0,0,10482259,10482412,10483769,10483808,2.000000e+00,2.000000e+00
2,560_1_25158704-25161509,DEL,1,25158704,25161509,3043.13,0.000000e+00,0.000000e+00,141,144,25,25,0,0,0,0,25158529,25158670,25161510,25161601,2.000000e+00,2.000000e+00
2,560_1_55092275-55095966,DEL,1,55092275,55095966,3934.71,0.000000e+00,0.000000e+00,84,102,21,18,0,0,1,0,55092081,55092232,55095967,55096124,2.000000e+00,1.000000e+00
1,560_1_58343224-58343534,DEL,1,58343224,58343534,518.80,1.844403e-05,2.143907e-05,30,30,31,32,2,2,0,0,58343042,58343172,58343536,58343641,2.000000e+00,5.653710e-05
1,560_1_62623070-62624289,DEL,1,62623070,62624289,1618.08,1.134469e-06,2.858288e-06,39,30,32,21,3,4,1,1,62622785,62622860,62624330,62624394,1.051200e-03,1.330185e-02
1,560_1_77100376-77100649,DEL,1,77100376,77100649,506.24,0.000000e+00,0.000000e+00,126,126,31,23,0,0,1,0,77100172,77100343,77100650,77100769,1.000000e+00,2.000000e+00
1,560_1_168024575-168025732,DEL,1,168024575,168025732,1407.19,0.000000e+00,0.000000e+00,129,150,37,42,0,0,1,0,168024291,168024534,168025733,168025865,2.000000e+00,2.000000e+00
2,560_1_179607282-179608059,DEL,1,179607282,179608059,1006.17,1.615703e-09,0.000000e+00,36,54,13,10,0,0,0,0,179607113,179607194,179608060,179608128,2.000000e+00,1.000000e+00
1,560_1_198773750-198775414,DEL,1,198773750,198775414,1891.25,5.551115e-16,6.761258e-14,72,66,28,32,0,2,0,1,198773575,198773713,198775415,198775491,2.000000e+00,2.000000e+00
1,560_1_199110049-199113805,DEL,1,199110049,199113805,3984.25,1.606608e-09,1.606608e-09,48,51,31,31,2,2,2,1,199109866,199110005,199113806,199113913,1.472469e-02,2.000000e+00
1,560_1_246702988-246703464,DEL,1,246702988,246703464,859.00,4.142187e-11,1.606608e-09,54,51,30,31,2,3,1,0,246702709,246702891,246703572,246703637,1.002442e-01,5.336920e-03
1,560_1_247027894-247028188,DEL,1,247027894,247028188,532.91,1.570633e-12,7.771561e-16,66,72,43,30,2,0,0,0,247027698,247027859,247028189,247028303,2.000000e+00,2.000000e+00
1,560_2_36955675-36955976,DEL,2,36955675,36955976,545.00,0.000000e+00,0.000000e+00,162,162,33,31,0,0,1,0,36955454,36955642,36955977,36956128,2.000000e+00,2.000000e+00
1,560_2_89029247-89032282,DEL,2,89029247,89032282,3286.63,0.000000e+00,0.000000e+00,114,96,20,34,0,0,0,0,89029088,89029208,89032283,89032460,2.000000e+00,2.000000e+00
2,560_2_97854365-97856086,DEL,2,97854365,97856086,2120.00,3.537171e-13,4.440892e-15,42,48,9,10,0,1,0,0,97854100,97854189,97856162,97856209,9.804688e-01,9.892578e-01
1,560_2_100103714-100105031,DEL,2,100103714,100105031,1536.59,0.000000e+00,0.000000e+00,81,90,34,30,4,2,0,0,100103523,100103679,100105032,100105111,2.000000e+00,2.000000e+00
1,560_2_103322497-103322818,DEL,2,103322497,103322818,545.21,0.000000e+00,0.000000e+00,84,84,18,23,0,0,0,1,103322350,103322464,103322819,103322999,2.000000e+00,2.000000e+00
2,560_2_106695079-106695894,DEL,2,106695079,106695894,1061.64,0.000000e+00,0.000000e+00,75,102,15,19,0,0,0,1,106694893,106695042,106695895,106696019,2.000000e+00,2.000000e+00
1,560_2_113190604-113190784,DEL,2,113190604,113190784,553.20,2.416784e-08,1.210433e-06,30,24,10,9,3,0,0,0,113190313,113190426,113190823,113190826,6.230469e-01,5.000000e-01
1,560_2_135260780-135262054,DEL,2,135260780,135262054,1704.00,3.006747e-04,3.006747e-04,24,24,31,31,0,5,0,0,135260562,135260592,135262142,135262208,1.697661e-05,1.697661e-05
1,560_2_231325310-231325637,DEL,2,231325310,231325637,547.40,3.577030e-06,5.268045e-07,30,36,22,28,0,2,0,0,231325174,231325248,231325638,231325695,2.000000e+00,2.000000e+00
1,560_2_237997544-237997568,DEL,2,237997544,237997568,453.25,3.386984e-04,3.386984e-04,24,24,32,32,2,0,0,0,237997283,237997400,237997580,237997755,9.650597e-06,9.650597e-06
1,560_2_242506104-242507334,DEL,2,242506104,242507334,1462.62,4.111901e-10,4.534833e-10,48,42,26,19,2,2,0,0,242505929,242506069,242507335,242507452,3.775935e-02,2.000000e+00
1,560_3_3051552-3055413,DEL,3,3051552,3055413,4108.67,1.110223e-16,0.000000e+00,90,105,43,35,4,3,0,0,3051355,3051522,3055414,3055570,2.000000e+00,2.000000e+00
2,560_3_8720170-8721036,DEL,3,8720170,8721036,1139.15,2.738136e-07,1.583537e-10,39,51,25,23,1,8,0,0,8719945,8720130,8721037,8721172,2.000000e+00,2.000000e+00
2,560_3_32806779-32807999,DEL,3,32806779,32807999,1581.62,6.851630e-12,1.168843e-12,48,42,19,10,0,0,1,0,32806487,32806665,32808044,32808138,3.238029e-01,9.453125e-01
1,560_3_33553208-33554075,DEL,3,33553208,33554075,1117.00,5.268045e-07,4.802960e-09,36,54,28,52,2,1,0,1,33553049,33553147,33554076,33554199,2.000000e+00,2.000000e+00
1,560_3_42835745-42835895,DEL,3,42835745,42835895,528.25,4.248727e-04,3.006747e-04,24,24,34,31,5,4,0,0,42835503,42835579,42835949,42835985,3.082445e-06,1.697661e-05
2,560_3_42838374-42840813,DEL,3,42838374,42840813,2717.50,1.110223e-16,0.000000e+00,72,72,24,26,0,0,2,0,42838176,42838337,42840814,42841007,9.242052e-01,4.225095e-01
1,560_3_49976283-49976895,DEL,3,49976283,49976895,1008.93,1.363788e-07,7.308414e-10,45,48,37,28,3,1,1,1,49975991,49976115,49976930,49977024,9.553821e-05,1.784907e-02
2,560_3_56604701-56604955,DEL,3,56604701,56604955,490.37,0.000000e+00,0.000000e+00,114,126,24,25,0,0,0,0,56604483,56604655,56604956,56605093,1.000000e+00,2.000000e+00
1,560_3_100521630-100522507,DEL,3,100521630,100522507,1107.77,0.000000e+00,4.796163e-14,78,66,29,31,4,1,0,0,100521436,100521600,100522508,100522634,2.000000e+00,2.000000e+00
1,560_3_112467402-112467705,DEL,3,112467402,112467705,553.73,0.000000e+00,0.000000e+00,90,90,21,21,0,0,0,0,112467171,112467347,112467706,112467793,2.000000e+00,9.866982e-01
1,560_3_114466485-114466792,DEL,3,114466485,114466792,564.19,0.000000e+00,0.000000e+00,126,120,25,32,0,0,0,0,114466254,114466451,114466793,114466974,2.000000e+00,2.000000e+00
2,560_3_133503783-133505082,DEL,3,133503783,133505082,1535.50,1.134469e-06,6.447423e-07,36,36,32,29,2,3,3,0,133503622,133503721,133505083,133505197,2.000000e+00,2.000000e+00
2,560_3_186581034-186585284,DEL,3,186581034,186585284,4498.75,0.000000e+00,0.000000e+00,144,150,27,27,0,0,0,0,186580832,186580990,186585285,186585396,1.000000e+00,2.000000e+00
1,560_3_190995420-190995503,DEL,3,190995420,190995503,463.25,4.248727e-04,4.248727e-04,24,24,34,34,2,4,0,0,190995158,190995241,190995504,190995624,3.082445e-06,3.082445e-06
2,560_3_191856099-191856423,DEL,3,191856099,191856423,570.38,0.000000e+00,0.000000e+00,111,114,27,35,0,0,0,0,191855901,191856063,191856424,191856596,2.000000e+00,2.000000e+00
1,560_3_196528892-196529044,DEL,3,196528892,196529044,502.00,9.287722e-04,1.884723e-04,24,30,42,51,7,3,0,5,196528741,196528792,196529094,196529229,2.216852e-07,1.164008e-09
1,560_4_40024956-40026281,DEL,4,40024956,40026281,1614.20,1.239120e-12,1.648570e-11,60,54,30,27,2,3,0,0,40024694,40024871,40026282,40026428,2.000000e+00,2.000000e+00
1,560_4_46056005-46058195,DEL,4,46056005,46058195,2407.55,6.761258e-14,7.105427e-15,66,66,32,26,3,0,0,0,46055805,46055965,46058196,46058259,2.000000e+00,2.000000e+00
2,560_4_56311273-56311443,DEL,4,56311273,56311443,410.75,6.851630e-12,1.812439e-12,48,54,19,21,9,10,0,1,56311123,56311235,56311444,56311519,2.000000e+00,2.000000e+00
2,560_4_69790875-69791175,DEL,4,69790875,69791175,549.71,0.000000e+00,0.000000e+00,84,84,17,16,0,0,0,0,69790682,69790787,69791176,69791284,2.000000e+00,1.000000e+00
2,560_4_84221720-84221987,DEL,4,84221720,84221987,518.10,1.405542e-13,4.662937e-15,60,66,24,25,1,1,0,0,84221509,84221686,84221994,84222162,5.805901e-01,3.450190e-01
1,560_4_119243717-119247077,DEL,4,119243717,119247077,3580.50,0.000000e+00,0.000000e+00,96,96,40,30,2,3,0,0,119243547,119243671,119247078,119247178,5.628183e-01,9.620806e-01
1,560_4_139468877-139473238,DEL,4,139468877,139473238,4617.33,7.834716e-07,1.134469e-06,36,36,30,32,0,0,5,1,139468699,139468801,139473245,139473326,2.611440e-03,2.675261e-04
1,560_4_160272028-160272052,DEL,4,160272028,160272052,447.60,2.143907e-05,3.386984e-04,30,24,32,32,2,4,0,0,160271738,160271891,160272053,160272241,5.653710e-05,9.650597e-06
1,560_4_166002694-166005035,DEL,4,166002694,166005035,2668.40,0.000000e+00,0.000000e+00,120,135,24,28,0,0,0,0,166002436,166002559,166005036,166005151,1.000000e+00,1.000000e+00
1,560_4_178514258-178514563,DEL,4,178514258,178514563,546.71,1.363788e-07,2.889349e-10,42,42,37,18,2,1,0,0,178514076,178514201,178514564,178514632,2.000000e+00,2.000000e+00
2,560_4_186441638-186444073,DEL,4,186441638,186444073,2670.57,0.000000e+00,0.000000e+00,90,84,17,14,0,0,0,0,186441445,186441598,186444074,186444118,2.000000e+00,2.000000e+00
1,560_5_484323-484446,DEL,5,484323,484446,544.37,1.887379e-15,1.088019e-14,57,57,14,16,1,1,0,0,484030,484158,484506,484587,9.102173e-01,7.727509e-01
2,560_5_1061154-1061528,DEL,5,1061154,1061528,720.67,2.653053e-04,2.056161e-04,18,18,13,12,0,0,0,0,1060973,1061057,1061623,1061656,4.614258e-02,7.299805e-02
1,560_5_1178295-1180732,DEL,5,1178295,1180732,2664.71,0.000000e+00,1.110223e-16,84,72,31,22,2,1,0,0,1178063,1178259,1180733,1180888,2.000000e+00,2.000000e+00
2,560_5_13895093-13895379,DEL,5,13895093,13895379,531.84,0.000000e+00,0.000000e+00,114,114,22,24,0,0,0,0,13894902,13895044,13895380,13895569,2.000000e+00,1.000000e+00
1,560_5_42165942-42167769,DEL,5,42165942,42167769,2085.00,6.006307e-14,1.648570e-11,60,54,22,27,1,1,0,1,42165783,42165901,42167770,42167962,2.000000e+00,2.000000e+00
1,560_5_65346057-65346371,DEL,5,65346057,65346371,556.07,0.000000e+00,0.000000e+00,90,90,24,20,0,0,0,0,65345912,65346019,65346372,65346502,2.000000e+00,2.000000e+00
1,560_5_72354674-72354859,DEL,5,72354674,72354859,538.25,2.339481e-04,2.339481e-04,24,24,29,29,3,3,0,0,72354435,72354549,72354862,72355031,5.185790e-05,5.185790e-05
1,560_5_95966539-95967360,DEL,5,95966539,95967360,1071.00,1.574474e-11,1.141793e-04,60,24,39,24,1,0,4,0,95966324,95966498,95967390,95967534,2.000000e+00,7.719398e-04
1,560_5_119015158-119015464,DEL,5,119015158,119015464,553.74,4.662937e-15,5.107026e-15,69,72,25,35,0,3,4,0,119014980,119015124,119015465,119015567,2.000000e+00,2.000000e+00
1,560_5_140855261-140855354,DEL,5,140855261,140855354,450.25,4.733497e-04,1.547912e-04,24,24,35,26,2,2,0,0,140854988,140855152,140855355,140855505,1.732726e-06,2.667606e-04
1,560_5_147785786-147785820,DEL,5,147785786,147785820,426.00,4.733497e-04,4.733497e-04,24,24,35,35,3,7,0,0,147785504,147785664,147785830,147785989,1.732726e-06,1.732726e-06
1,560_5_179067189-179067648,DEL,5,179067189,179067648,718.00,1.286748e-13,2.320366e-14,69,66,34,29,4,0,0,0,179067003,179067121,179067657,179067696,2.880634e-02,1.324654e-01
1,560_6_4050258-4050559,DEL,6,4050258,4050559,560.00,0.000000e+00,0.000000e+00,132,126,33,28,0,0,0,0,4050012,4050222,4050560,4050684,2.000000e+00,1.000000e+00
0,560_6_22136616-22136636,DEL,6,22136616,22136636,438.50,5.819078e-04,5.819078e-04,24,24,37,37,6,5,0,0,22136334,22136406,22136639,22136771,5.421971e-07,5.421971e-07
2,560_6_29685489-29688080,DEL,6,29685489,29688080,2856.58,0.000000e+00,0.000000e+00,135,114,27,35,0,0,0,0,29685299,29685446,29688081,29688203,1.000000e+00,2.000000e+00
0,560_6_34506901-34506914,DEL,6,34506901,34506914,430.50,4.733497e-04,4.733497e-04,24,24,35,35,1,0,0,0,34506618,34506765,34506916,34507105,1.732726e-06,1.732726e-06
1,560_6_35626435-35629744,DEL,6,35626435,35629744,3540.50,0.000000e+00,0.000000e+00,84,90,31,29,1,2,0,2,35626242,35626398,35629745,35629843,2.000000e+00,2.000000e+00
1,560_6_38683567-38683796,DEL,6,38683567,38683796,439.09,3.108624e-15,0.000000e+00,66,72,24,25,3,1,0,0,38683378,38683533,38683797,38683922,2.000000e+00,2.000000e+00
1,560_6_65768327-65768720,DEL,6,65768327,65768720,685.00,4.796163e-14,3.330669e-16,69,72,31,29,2,3,0,0,65768151,65768293,65768779,65768874,1.405208e-01,3.555356e-01
1,560_6_89921754-89922170,DEL,6,89921754,89922170,684.67,4.632137e-09,1.688863e-07,36,36,15,23,1,1,0,0,89921536,89921699,89922177,89922242,5.000000e-01,1.734483e-02
2,560_6_137313695-137314186,DEL,6,137313695,137314186,717.07,0.000000e+00,0.000000e+00,129,126,23,21,0,0,0,0,137313515,137313663,137314187,137314322,2.000000e+00,2.000000e+00
1,560_6_151267581-151269950,DEL,6,151267581,151269950,2710.58,0.000000e+00,0.000000e+00,93,90,44,35,3,1,0,0,151267389,151267429,151269964,151270139,2.438338e-02,2.497799e-01
1,560_6_157732415-157732562,DEL,6,157732415,157732562,461.00,5.271374e-04,5.271374e-04,30,30,64,64,10,14,2,1,157732149,157732233,157732564,157732583,4.514500e-12,4.501954e-13
2,560_6_158548283-158549066,DEL,6,158548283,158549066,1058.31,0.000000e+00,0.000000e+00,117,114,21,28,0,0,0,0,158548044,158548248,158549067,158549233,2.000000e+00,2.000000e+00
1,560_6_159419155-159420331,DEL,6,159419155,159420331,1397.83,5.617729e-14,9.507661e-11,72,54,43,33,3,4,1,0,159419045,159419123,159420332,159420454,1.576975e-02,2.000000e+00
1,560_6_159652126-159652422,DEL,6,159652126,159652422,566.53,1.110223e-16,0.000000e+00,90,90,37,35,2,1,0,0,159651853,159652086,159652423,159652583,2.000000e+00,2.000000e+00
1,560_6_170038130-170038439,DEL,6,170038130,170038439,547.38,1.979862e-08,3.275739e-09,48,48,43,34,0,1,0,0,170037931,170038073,170038446,170038547,2.000000e+00,1.215325e-02
2,560_7_879169-879455,DEL,7,879169,879455,537.55,0.000000e+00,0.000000e+00,132,129,24,28,0,0,0,3,878957,879131,879456,879578,2.000000e+00,2.000000e+00
1,560_7_12414547-12414601,DEL,7,12414547,12414601,440.50,2.339481e-04,2.339481e-04,24,24,29,29,0,4,0,0,12414280,12414443,12414602,12414792,5.185790e-05,2.730563e-04
1,560_7_30535602-30535911,DEL,7,30535602,30535911,544.93,1.110223e-15,0.000000e+00,81,78,41,31,0,0,2,4,30535382,30535561,30535912,30536033,2.979194e-02,2.000000e+00
2,560_7_64315825-64318058,DEL,7,64315825,64318058,2473.11,0.000000e+00,0.000000e+00,114,120,20,25,0,0,0,0,64315624,64315777,64318059,64318178,2.000000e+00,2.000000e+00
2,560_7_76870553-76870734,DEL,7,76870553,76870734,526.60,2.858288e-06,3.577030e-06,30,30,21,22,0,0,6,6,76870271,76870471,76870797,76870843,1.330185e-02,8.450270e-03
2,560_7_81358339-81358611,DEL,7,81358339,81358611,536.07,0.000000e+00,0.000000e+00,84,84,15,15,0,0,0,0,81358180,81358284,81358612,81358789,2.000000e+00,2.000000e+00
1,560_7_93541817-93542539,DEL,7,93541817,93542539,935.29,7.379045e-09,5.512102e-10,42,48,24,27,2,2,0,0,93541705,93541773,93542540,93542600,2.000000e+00,2.000000e+00
2,560_7_101001267-101003762,DEL,7,101001267,101003762,2795.71,1.057049e-10,3.119755e-06,42,24,16,11,0,0,2,1,101001066,101001217,101003800,101003882,2.000000e+00,2.744141e-01
1,560_7_105733994-105734327,DEL,7,105733994,105734327,563.67,1.178724e-12,1.648570e-11,54,54,20,27,1,2,0,0,105733819,105733947,105734328,105734400,2.000000e+00,6.103906e-02
1,560_7_130995756-130995822,DEL,7,130995756,130995822,494.00,6.121919e-04,6.121919e-04,18,18,17,17,1,1,1,0,130995513,130995612,130995925,130996004,6.362915e-03,6.362915e-03
2,560_7_148072867-148076323,DEL,7,148072867,148076323,3681.13,0.000000e+00,0.000000e+00,90,84,17,16,0,0,0,0,148072701,148072821,148076324,148076393,9.999924e-01,2.000000e+00
1,560_7_149575931-149576094,DEL,7,149575931,149576094,392.21,1.269877e-08,1.269877e-08,42,45,26,26,15,15,0,0,149575779,149575893,149576095,149576217,3.775935e-02,2.000000e+00
2,560_8_2480554-2480829,DEL,8,2480554,2480829,605.21,0.000000e+00,0.000000e+00,72,78,13,18,0,0,0,0,2480306,2480422,2480830,2480986,9.998779e-01,9.962311e-01
2,560_8_6587844-6588150,DEL,8,6587844,6588150,562.48,0.000000e+00,0.000000e+00,126,126,24,25,0,0,0,1,6587688,6587805,6588151,6588328,1.000000e+00,2.000000e+00
1,560_8_11245562-11247207,DEL,8,11245562,11247207,1869.00,5.268045e-07,7.686038e-07,36,30,28,18,1,1,0,0,11245373,11245521,11247208,11247208,2.000000e+00,2.000000e+00
1,560_8_16962223-16962528,DEL,8,16962223,16962528,565.52,0.000000e+00,0.000000e+00,126,120,26,28,0,0,0,1,16961957,16962185,16962529,16962666,2.000000e+00,2.000000e+00
1,560_8_18454633-18455944,DEL,8,18454633,18455944,1551.57,7.379045e-09,2.132478e-09,42,42,24,20,3,0,0,1,18454450,18454522,18455945,18455982,3.195733e-02,2.517223e-01
1,560_8_42190474-42194331,DEL,8,42190474,42194331,4239.20,5.435851e-06,1.606608e-09,30,48,24,31,1,4,1,0,42190257,42190354,42194390,42194481,1.132792e-02,5.336920e-03
2,560_8_56676280-56676407,DEL,8,56676280,56676407,374.75,7.771561e-16,7.771561e-16,72,72,30,30,15,15,0,1,56676095,56676246,56676408,56676476,4.277678e-01,2.000000e+00
2,560_8_72214753-72217808,DEL,8,72214753,72217808,3298.81,0.000000e+00,2.220446e-16,81,66,17,17,0,0,2,1,72214461,72214719,72217809,72217855,2.000000e+00,2.000000e+00
1,560_8_104382923-104383212,DEL,8,104382923,104383212,603.67,1.893225e-06,1.304580e-07,36,36,35,22,4,0,3,0,104382719,104382822,104383219,104383374,5.842093e-05,6.690025e-02
1,560_8_110416747-110416922,DEL,8,110416747,110416922,509.50,1.785932e-04,1.136623e-05,24,30,27,28,3,5,0,0,110416507,110416665,110416965,110417093,1.553744e-04,4.561171e-04
1,560_8_131850750-131852738,DEL,8,131850750,131852738,2213.86,7.379045e-09,5.867307e-12,42,54,24,24,4,1,0,0,131850536,131850681,131852739,131852923,2.000000e+00,4.194099e-01
1,560_8_144389298-144390142,DEL,8,144389298,144390142,1074.83,1.304580e-07,3.577030e-06,36,30,22,22,6,1,1,1,144389082,144389220,144390143,144390209,2.000000e+00,2.000000e+00
1,560_9_35803109-35803399,DEL,9,35803109,35803399,530.56,9.412739e-10,5.514389e-11,54,54,43,31,4,2,1,0,35802869,35803059,35803400,35803494,2.000000e+00,2.000000e+00
1,560_9_112706476-112707153,DEL,9,112706476,112707153,926.00,4.142187e-11,1.184375e-11,54,54,30,26,3,2,0,0,112706246,112706430,112707154,112707207,2.000000e+00,2.000000e+00
1,560_9_115937098-115937379,DEL,9,115937098,115937379,512.35,0.000000e+00,0.000000e+00,111,108,26,28,0,0,0,0,115936925,115937059,115937380,115937523,2.000000e+00,2.000000e+00
1,560_9_128027218-128027677,DEL,9,128027218,128027677,901.20,5.027356e-11,9.555208e-06,60,33,44,27,0,1,6,1,128026950,128027021,128027776,128027854,6.300169e-04,2.962306e-03
2,560_9_131701016-131702114,DEL,9,131701016,131702114,1446.00,3.970000e-06,9.850600e-06,18,18,4,5,0,0,0,1,131700824,131700839,131702166,131702189,9.375000e-01,8.125000e-01
1,560_9_136379223-136379552,DEL,9,136379223,136379552,569.31,0.000000e+00,0.000000e+00,96,108,28,21,0,0,1,0,136379015,136379186,136379553,136379553,2.000000e+00,2.000000e+00
2,560_9_136625195-136626267,DEL,9,136625195,136626267,1288.61,0.000000e+00,0.000000e+00,153,159,27,29,0,0,0,0,136624983,136625154,136626268,136626469,2.000000e+00,1.000000e+00
1,560_10_7793832-7794038,DEL,10,7793832,7794038,454.82,0.000000e+00,2.220446e-16,66,78,19,23,3,3,0,0,7793633,7793791,7794039,7794121,8.203583e-01,2.000000e+00
1,560_10_26999087-27002087,DEL,10,26999087,27002087,3387.40,1.574474e-11,0.000000e+00,60,72,39,25,4,2,0,0,26998805,26998969,27002139,27002247,1.688924e-03,5.000000e-01
1,560_10_27224204-27228085,DEL,10,27224204,27228085,4099.08,1.110223e-15,4.041212e-14,78,84,41,70,4,10,0,0,27224034,27224173,27228086,27228171,2.000000e+00,2.000000e+00
1,560_10_47088386-47088703,DEL,10,47088386,47088703,572.13,0.000000e+00,0.000000e+00,135,156,49,49,1,1,0,0,47088128,47088348,47088704,47088761,2.000000e+00,2.000000e+00
1,560_10_49917172-49917479,DEL,10,49917172,49917479,564.09,0.000000e+00,0.000000e+00,135,144,30,31,0,0,0,0,49916960,49917138,49917480,49917637,2.000000e+00,2.000000e+00
1,560_10_70998125-70998434,DEL,10,70998125,70998434,554.26,0.000000e+00,0.000000e+00,138,138,29,32,0,0,0,0,70997908,70998082,70998435,70998546,2.000000e+00,1.000000e+00
2,560_10_99034874-99037397,DEL,10,99034874,99037397,2792.79,0.000000e+00,0.000000e+00,114,96,23,20,0,0,0,1,99034648,99034841,99037398,99037475,2.000000e+00,2.000000e+00
1,560_10_114112184-114116658,DEL,10,114112184,114116658,4704.09,4.796163e-14,4.662937e-15,66,66,31,25,1,2,0,0,114112001,114112151,114116659,114116799,2.000000e+00,2.000000e+00
1,560_10_114157802-114158097,DEL,10,114157802,114158097,573.30,1.704525e-12,6.331602e-13,60,60,31,28,0,2,0,0,114157587,114157765,114158123,114158228,2.000000e+00,9.246667e-02
2,560_10_128106486-128106786,DEL,10,128106486,128106786,570.51,0.000000e+00,0.000000e+00,111,102,24,28,0,0,0,0,128106201,128106449,128106787,128106918,1.000000e+00,2.000000e+00
2,560_10_135104936-135105913,DEL,10,135104936,135105913,1412.33,8.775073e-10,4.534833e-10,36,45,12,19,0,1,1,2,135104647,135104741,135105951,135106027,6.127930e-01,3.238029e-01
1,560_11_194901-194931,DEL,11,194901,194931,453.50,1.768403e-05,2.244555e-06,48,48,108,81,18,28,0,0,194608,194724,194960,195100,0.000000e+00,1.487699e-14
2,560_11_223872-224002,DEL,11,223872,224002,455.21,0.000000e+00,0.000000e+00,84,84,17,16,2,2,0,0,223596,223756,224003,224169,9.998627e-01,1.000000e+00
1,560_11_5760088-5762365,DEL,11,5760088,5762365,2519.21,0.000000e+00,0.000000e+00,84,84,26,29,1,2,0,0,5759838,5760041,5762366,5762484,8.365302e-01,2.000000e+00
1,560_11_7716916-7717219,DEL,11,7716916,7717219,558.00,0.000000e+00,0.000000e+00,126,126,26,27,0,0,0,1,7716685,7716885,7717220,7717399,2.000000e+00,2.000000e+00
1,560_11_9101431-9101465,DEL,11,9101431,9101465,454.75,3.386984e-04,3.386984e-04,24,24,32,32,4,4,0,0,9101138,9101244,9101479,9101646,5.653710e-05,9.650597e-06
1,560_11_31393777-31397619,DEL,11,31393777,31397619,4094.67,1.688863e-07,9.555208e-06,36,30,23,27,0,2,0,0,31393609,31393743,31397647,31397747,2.000000e+00,7.568598e-04
2,560_11_48600859-48604282,DEL,11,48600859,48604282,3651.27,0.000000e+00,0.000000e+00,90,96,17,16,0,0,0,0,48600669,48600821,48604283,48604344,2.000000e+00,2.000000e+00
1,560_11_58976858-58976978,DEL,11,58976858,58976978,484.75,7.070464e-04,3.800435e-04,24,24,39,33,3,5,0,0,58976593,58976720,58976984,58977077,1.676581e-07,5.464302e-06
1,560_11_63698910-63701653,DEL,11,63698910,63701653,2965.84,0.000000e+00,0.000000e+00,111,90,44,58,0,6,0,1,63698747,63698878,63701654,63701779,2.000000e+00,2.000000e+00
2,560_11_65642112-65643519,DEL,11,65642112,65643519,1648.94,0.000000e+00,0.000000e+00,93,117,16,21,0,0,0,0,65641861,65642058,65643520,65643622,2.000000e+00,2.000000e+00
2,560_11_74024909-74027387,DEL,11,74024909,74027387,2720.59,0.000000e+00,0.000000e+00,102,108,17,19,0,0,0,0,74024683,74024868,74027388,74027486,2.000000e+00,2.000000e+00
2,560_11_93102816-93103118,DEL,11,93102816,93103118,563.45,0.000000e+00,0.000000e+00,132,138,35,29,0,0,0,0,93102580,93102780,93103119,93103311,2.000000e+00,2.000000e+00
1,560_11_118902276-118904121,DEL,11,118902276,118904121,2243.40,3.984317e-07,9.953103e-08,30,39,16,21,0,0,0,1,118901991,118902118,118904161,118904276,1.050568e-01,3.917694e-02
2,560_11_124830153-124830246,DEL,11,124830153,124830246,342.00,9.507661e-11,1.574474e-11,54,60,33,39,21,21,0,0,124829951,124830122,124830247,124830430,6.765493e-03,2.000000e+00
1,560_12_542839-542934,DEL,12,542839,542934,511.00,7.070464e-04,2.339481e-04,24,24,39,29,4,3,1,0,542554,542714,542943,543109,1.214954e-06,5.185790e-05
0,560_12_549874-549895,DEL,12,549874,549895,452.33,7.291598e-04,8.594329e-04,18,18,18,19,4,4,0,0,549627,549721,549974,550065,3.768921e-03,2.212524e-03
1,560_12_1864016-1864226,DEL,12,1864016,1864226,514.12,1.583537e-10,7.308414e-10,48,48,23,28,2,2,0,2,1863808,1863949,1864327,1864375,2.024364e-01,1.784907e-02
1,560_12_4388762-4389329,DEL,12,4388762,4389329,770.55,3.108624e-15,2.093881e-13,66,63,24,25,2,1,0,0,4388595,4388728,4389331,4389403,2.000000e+00,3.450190e-01
1,560_12_7799743-7800591,DEL,12,7799743,7800591,1196.57,9.734522e-09,7.745146e-08,42,42,25,34,2,5,0,0,7799453,7799599,7800592,7800664,2.164263e-02,2.000000e+00
2,560_12_9016853-9017796,DEL,12,9016853,9017796,1260.07,2.974545e-09,2.416784e-08,45,33,21,10,0,0,3,0,9016709,9016792,9017867,9017962,2.000000e+00,6.230469e-01
1,560_12_12263355-12263671,DEL,12,12263355,12263671,576.29,0.000000e+00,0.000000e+00,84,84,29,30,1,1,0,0,12263101,12263319,12263672,12263784,2.000000e+00,8.199562e-01
2,560_12_22016219-22016262,DEL,12,22016219,22016262,311.50,7.490854e-08,7.490854e-08,36,36,20,20,14,14,0,0,22016046,22016182,22016263,22016433,5.765915e-02,2.000000e+00
2,560_12_29573421-29573678,DEL,12,29573421,29573678,579.25,0.000000e+00,1.332268e-14,72,72,26,38,1,4,0,1,29573208,29573385,29573749,29573871,7.214015e-01,1.677622e-02
1,560_12_48725482-48728380,DEL,12,48725482,48728380,3144.29,6.339525e-08,1.606608e-09,42,48,33,31,0,5,1,0,48725255,48725429,48728381,48728493,2.000000e+00,2.000000e+00
0,560_12_53877492-53877540,DEL,12,53877492,53877540,431.40,8.577383e-05,1.172367e-04,30,30,43,46,4,4,0,0,53877199,53877343,53877555,53877724,2.000000e+00,2.202968e-08
0,560_12_54631854-54631872,DEL,12,54631854,54631872,448.75,4.733497e-04,5.256395e-04,24,24,35,36,2,3,1,1,54631565,54631679,54631897,54632021,1.732726e-06,9.707874e-07
1,560_12_56716401-56716515,DEL,12,56716401,56716515,480.25,5.256395e-04,5.256395e-04,24,24,36,36,2,5,1,0,56716148,56716301,56716572,56716657,9.707874e-07,9.707874e-07
1,560_12_66527652-66529876,DEL,12,66527652,66529876,2452.00,1.688863e-07,2.858288e-06,36,30,23,21,2,4,0,0,66527461,66527605,66529877,66529888,2.000000e+00,2.000000e+00
2,560_12_72356649-72358139,DEL,12,72356649,72358139,1784.53,0.000000e+00,0.000000e+00,90,87,18,25,0,0,1,0,72356391,72356515,72358140,72358189,9.993439e-01,8.852385e-01
1,560_12_78375999-78376183,DEL,12,78375999,78376183,437.13,2.206201e-10,1.704525e-12,48,60,24,31,5,4,0,0,78375778,78375953,78376184,78376288,2.000000e+00,2.000000e+00
0,560_12_82751405-82751414,DEL,12,82751405,82751414,423.00,3.006747e-04,3.006747e-04,24,24,31,31,1,1,0,0,82751140,82751277,82751454,82751590,1.697661e-05,1.697661e-05
1,560_12_122031929-122033231,DEL,12,122031929,122033231,1626.00,3.351417e-04,1.653064e-05,18,24,14,16,0,3,1,0,122031777,122031807,122033294,122033362,2.868652e-02,3.840637e-02
0,560_12_122218926-122218958,DEL,12,122218926,122218958,453.75,6.423210e-04,7.762514e-04,24,24,38,40,4,3,0,0,122218634,122218771,122218959,122219126,3.019268e-07,6.913060e-07
1,560_12_124457852-124458430,DEL,12,124457852,124458430,772.58,9.953103e-08,8.885853e-06,36,36,21,46,1,7,1,0,124457698,124457811,124458431,124458477,2.000000e+00,2.000000e+00
1,560_12_124495990-124496091,DEL,12,124495990,124496091,334.17,2.657102e-05,5.076402e-05,36,36,56,63,12,14,0,2,124495926,124495959,124496092,124496278,2.000000e+00,8.197887e-12
1,560_13_28268144-28269048,DEL,13,28268144,28269048,1128.43,2.974545e-09,2.049275e-04,42,24,21,28,2,2,0,3,28267976,28268107,28269049,28269094,2.000000e+00,2.000000e+00
2,560_13_42755998-42756225,DEL,13,42755998,42756225,509.36,0.000000e+00,0.000000e+00,99,111,21,22,0,0,0,0,42755713,42755923,42756226,42756318,1.000000e+00,1.000000e+00
2,560_13_43539810-43541444,DEL,13,43539810,43541444,1899.67,0.000000e+00,0.000000e+00,81,66,15,19,0,0,0,0,43539610,43539776,43541447,43541564,2.000000e+00,8.203583e-01
2,560_13_101894147-101896424,DEL,13,101894147,101896424,2520.55,1.110223e-16,0.000000e+00,66,81,16,16,0,0,0,0,101893965,101894112,101896425,101896545,2.000000e+00,2.000000e+00
1,560_13_114505561-114506635,DEL,13,114505561,114506635,1308.67,3.800435e-04,6.611711e-06,27,33,33,25,6,3,0,2,114505361,114505478,114506636,114506676,2.000000e+00,7.316649e-03
1,560_14_21778188-21778390,DEL,14,21778188,21778390,444.20,4.439782e-13,6.331602e-13,60,60,27,28,3,2,0,0,21778060,21778149,21778402,21778508,2.000000e+00,9.246667e-02
2,560_14_31813879-31814050,DEL,14,31813879,31814050,424.07,2.220446e-16,2.220446e-16,81,72,23,21,7,7,0,0,31813647,31813849,31814051,31814198,2.000000e+00,2.000000e+00
1,560_14_91161092-91161355,DEL,14,91161092,91161355,572.75,1.547912e-04,1.547912e-04,24,24,26,26,3,2,0,0,91160851,91160933,91161356,91161398,2.667606e-04,2.667606e-04
1,560_14_105415302-105415697,DEL,14,105415302,105415697,740.33,2.049275e-04,6.611711e-06,27,30,28,25,1,2,0,0,105415011,105415125,105415698,105415751,8.999556e-05,2.038658e-03
1,560_14_106449153-106450848,DEL,14,106449153,106450848,2034.53,6.339525e-08,5.268045e-07,45,36,33,28,3,1,1,0,106448860,106448968,106450849,106450927,2.275692e-03,2.000000e+00
0,560_14_106967325-106967387,DEL,14,106967325,106967387,449.25,9.287722e-04,9.287722e-04,24,24,42,42,7,2,0,0,106967072,106967215,106967391,106967518,2.826573e-08,2.826573e-08
1,560_15_21933620-21934519,DEL,15,21933620,21934519,1119.67,1.969383e-04,2.241610e-04,36,39,81,83,9,9,1,3,21933457,21933575,21934520,21934564,2.000000e+00,2.000000e+00
1,560_15_25931397-25932380,DEL,15,25931397,25932380,1224.82,1.119534e-10,9.591682e-10,51,51,22,29,1,3,0,1,25931225,25931357,25932381,25932486,4.159060e-01,2.000000e+00
1,560_15_29411483-29411896,DEL,15,29411483,29411896,661.02,0.000000e+00,0.000000e+00,141,144,27,24,0,0,0,0,29411252,29411440,29411897,29412064,2.000000e+00,2.000000e+00
1,560_15_31212382-31212457,DEL,15,31212382,31212457,505.50,7.762514e-04,9.287722e-04,24,24,40,42,3,5,0,0,31212111,31212252,31212480,31212642,6.913060e-07,2.826573e-08
1,560_15_41851541-41853321,DEL,15,41851541,41853321,1965.41,2.358672e-08,4.094276e-09,51,51,44,35,4,4,0,0,41851396,41851494,41853322,41853390,2.000000e+00,9.391127e-04
1,560_15_41861222-41862141,DEL,15,41861222,41862141,1238.25,2.339481e-04,3.006747e-04,24,24,29,31,2,5,1,0,41861083,41861125,41862235,41862277,2.730563e-04,1.697661e-05
1,560_15_41862539-41862795,DEL,15,41862539,41862795,435.00,9.543236e-05,2.222853e-06,30,36,44,36,4,6,0,0,41862437,41862464,41862796,41862806,2.000000e+00,1.562756e-04
1,560_15_41864763-41865190,DEL,15,41864763,41865190,637.22,5.650311e-09,1.275631e-07,54,48,53,55,6,8,0,0,41864640,41864695,41865200,41865240,1.123780e-05,4.033805e-08
1,560_15_41865720-41865836,DEL,15,41865720,41865836,459.80,5.440838e-05,5.440838e-05,30,30,39,39,6,6,0,0,41865506,41865563,41865876,41865961,1.214954e-06,1.214954e-06
1,560_15_41866016-41870084,DEL,15,41866016,41870084,4297.22,1.049324e-08,6.922313e-06,54,39,57,44,6,4,0,1,41865876,41865956,41870086,41870229,2.000000e+00,2.649791e-06
1,560_15_43660442-43660753,DEL,15,43660442,43660753,572.75,1.139970e-08,2.243650e-12,48,48,40,17,1,0,0,0,43660235,43660374,43660754,43660929,2.000000e+00,8.338470e-01
2,560_15_52525195-52525514,DEL,15,52525195,52525514,558.95,0.000000e+00,0.000000e+00,126,120,27,21,0,0,0,0,52524987,52525154,52525515,52525667,2.000000e+00,1.000000e+00
1,560_15_58912866-58913161,DEL,15,58912866,58913161,530.57,0.000000e+00,0.000000e+00,84,84,34,39,1,3,2,1,58912689,58912814,58913167,58913316,2.000000e+00,5.406451e-02
1,560_15_62244380-62244442,DEL,15,62244380,62244442,430.67,7.291598e-04,2.653053e-04,18,18,18,13,2,1,0,0,62244087,62244247,62244443,62244562,3.768921e-03,4.614258e-02
1,560_15_66633825-66634133,DEL,15,66633825,66634133,565.38,0.000000e+00,0.000000e+00,96,90,26,24,0,0,0,0,66633535,66633783,66634134,66634294,2.000000e+00,2.000000e+00
1,560_15_68426021-68428927,DEL,15,68426021,68428927,3162.79,0.000000e+00,0.000000e+00,102,90,18,15,0,0,0,0,68425787,68425981,68428928,68429061,2.000000e+00,2.000000e+00
1,560_15_89868302-89868384,DEL,15,89868302,89868384,429.00,2.735223e-05,3.416698e-07,24,24,18,7,0,0,0,0,89868101,89868219,89868470,89868568,1.544189e-02,7.734375e-01
1,560_15_92674577-92677070,DEL,15,92674577,92677070,2734.60,2.220446e-16,2.052909e-09,75,48,27,32,1,3,1,0,92674393,92674540,92677071,92677255,6.494460e-01,2.000000e+00
1,560_15_93515799-93516100,DEL,15,93515799,93516100,550.30,0.000000e+00,0.000000e+00,129,138,31,32,0,0,0,0,93515555,93515767,93516101,93516244,1.000000e+00,2.000000e+00
1,560_16_2348057-2348136,DEL,16,2348057,2348136,494.80,1.034440e-06,1.034440e-06,30,30,19,19,0,1,0,0,2347790,2347890,2348199,2348314,3.178406e-02,8.353424e-02
2,560_16_3116975-3117007,DEL,16,3116975,3117007,427.33,5.867307e-12,4.507505e-14,54,54,24,18,7,9,0,0,3116753,3116887,3117080,3117200,4.194099e-01,5.927353e-01
2,560_16_3296516-3296614,DEL,16,3296516,3296614,478.50,3.800435e-04,3.800435e-04,24,24,33,33,1,1,0,1,3296238,3296391,3296623,3296805,5.464302e-06,5.464302e-06
1,560_16_13294468-13296494,DEL,16,13294468,13296494,2250.50,2.320588e-12,1.239120e-12,60,60,32,30,3,2,0,0,13294293,13294426,13296495,13296557,2.000000e+00,2.000000e+00
1,560_16_47001824-47001925,DEL,16,47001824,47001925,496.00,5.256395e-04,5.256395e-04,24,24,36,36,7,6,0,0,47001597,47001667,47001928,47002110,9.707874e-07,9.707874e-07
2,560_16_57725396-57727846,DEL,16,57725396,57727846,2670.39,0.000000e+00,0.000000e+00,108,105,19,18,0,0,0,0,57725242,57725364,57727847,57727933,2.000000e+00,2.000000e+00
1,560_16_70553025-70553328,DEL,16,70553025,70553328,577.70,5.532463e-12,1.225353e-11,60,60,35,38,5,3,0,0,70552750,70552976,70553330,70553495,2.000000e+00,2.548822e-03
2,560_16_76539134-76544025,DEL,16,76539134,76544025,5100.65,0.000000e+00,0.000000e+00,102,81,17,14,0,0,0,0,76538970,76539099,76544026,76544094,2.000000e+00,2.000000e+00
2,560_16_81173928-81174335,DEL,16,81173928,81174335,750.00,6.652021e-06,2.258191e-06,24,30,13,20,0,0,0,3,81173647,81173768,81174336,81174458,1.334229e-01,2.000000e+00
2,560_16_88112732-88115667,DEL,16,88112732,88115667,3167.67,0.000000e+00,0.000000e+00,108,114,20,21,0,0,0,0,88112500,88112700,88115668,88115775,2.000000e+00,2.000000e+00
2,560_16_89714106-89714682,DEL,16,89714106,89714682,998.60,7.469708e-08,9.238554e-06,30,27,12,14,4,2,0,0,89713894,89713919,89714782,89714855,3.872070e-01,8.978271e-02
2,560_17_456289-456397,DEL,17,456289,456397,524.00,1.955359e-05,9.850600e-06,18,18,6,5,0,0,0,0,456002,456093,456464,456514,6.562500e-01,8.125000e-01
1,560_17_29186737-29187012,DEL,17,29186737,29187012,627.40,1.343453e-05,1.034440e-06,30,30,29,19,4,2,0,0,29186453,29186628,29187035,29187136,2.730563e-04,3.178406e-02
1,560_17_46615804-46617220,DEL,17,46615804,46617220,1662.42,1.772693e-12,0.000000e+00,72,96,58,48,2,0,0,0,46615636,46615753,46617221,46617361,2.000000e+00,1.561607e-01
1,560_17_55687812-55689914,DEL,17,55687812,55689914,2346.88,6.274187e-09,4.111901e-10,48,48,37,26,1,5,0,1,55687612,55687767,55689915,55689984,2.000000e+00,2.000000e+00
2,560_17_78329192-78329496,DEL,17,78329192,78329496,621.00,2.653053e-04,1.553726e-04,18,18,13,11,0,1,0,0,78328959,78328987,78329497,78329540,4.614258e-02,1.132812e-01
2,560_17_78575373-78576272,DEL,17,78575373,78576272,1162.09,0.000000e+00,0.000000e+00,99,87,22,15,0,0,0,0,78575128,78575312,78576273,78576339,2.000000e+00,2.000000e+00
1,560_17_79577697-79578003,DEL,17,79577697,79578003,551.95,0.000000e+00,0.000000e+00,114,114,21,25,0,0,0,1,79577499,79577661,79578004,79578151,2.000000e+00,2.000000e+00
1,560_18_21903373-21904579,DEL,18,21903373,21904579,1461.15,1.688863e-07,1.653064e-05,39,24,23,16,3,0,2,0,21903197,21903291,21904593,21904716,2.000000e+00,3.840637e-02
1,560_19_605302-608431,DEL,19,605302,608431,3357.00,1.648570e-11,1.937439e-07,54,42,27,39,3,2,0,0,605095,605252,608432,608524,2.000000e+00,2.000000e+00
1,560_19_2128696-2128968,DEL,19,2128696,2128968,649.40,2.065150e-09,7.469708e-08,30,30,7,12,0,5,0,0,2128467,2128489,2128993,2129060,9.375000e-01,3.872070e-01
1,560_19_4511662-4511707,DEL,19,4511662,4511707,432.27,1.998401e-14,0.000000e+00,78,108,52,54,8,4,0,0,4511371,4511498,4511708,4511894,2.047707e-04,1.035011e-02
1,560_19_8411741-8414481,DEL,19,8411741,8414481,2988.83,3.435182e-07,4.142187e-11,36,54,26,30,1,5,0,1,8411515,8411661,8414482,8414557,2.000000e+00,2.000000e+00
1,560_19_9222963-9225108,DEL,19,9222963,9225108,2410.29,3.339312e-08,1.688863e-07,42,36,30,23,1,2,3,1,9222781,9222899,9225122,9225202,2.000000e+00,1.734483e-02
1,560_19_12695013-12698911,DEL,19,12695013,12698911,4291.00,1.333697e-04,5.155745e-08,24,45,25,32,0,5,0,2,12694720,12694817,12698929,12699051,4.552603e-04,3.500179e-03
0,560_19_13395708-13395709,DEL,19,13395708,13395709,427.60,6.124333e-05,7.762514e-04,30,24,40,40,5,5,0,0,13395421,13395600,13395734,13395851,6.913060e-07,9.285122e-08
1,560_19_21903057-21905567,DEL,19,21903057,21905567,2752.00,0.000000e+00,0.000000e+00,114,144,19,26,0,0,0,0,21902861,21902998,21905568,21905678,2.000000e+00,1.000000e+00
1,560_19_37046196-37046489,DEL,19,37046196,37046489,541.19,0.000000e+00,0.000000e+00,96,96,40,59,1,9,0,0,37045958,37046165,37046498,37046615,2.000000e+00,8.905024e-04
2,560_19_46278724-46279614,DEL,19,46278724,46279614,1216.05,0.000000e+00,0.000000e+00,87,69,17,19,0,0,0,1,46278494,46278587,46279622,46279715,9.988251e-01,9.164658e-01
0,560_19_51314862-51314862,DEL,19,51314862,51314862,422.73,2.479907e-05,1.352933e-06,33,36,33,33,6,6,0,0,51314571,51314687,51314944,51314983,3.309385e-05,1.620317e-04
2,560_19_52888817-52891386,DEL,19,52888817,52891386,2799.64,1.110223e-16,0.000000e+00,66,54,16,11,0,0,1,0,52888541,52888775,52891387,52891444,2.000000e+00,1.000000e+00
1,560_19_53096023-53097608,DEL,19,53096023,53097608,1836.00,7.697834e-09,5.514389e-11,48,54,38,31,3,2,1,0,53095842,53095963,53097609,53097745,2.000000e+00,2.000000e+00
2,560_19_53422215-53424207,DEL,19,53422215,53424207,2232.09,0.000000e+00,0.000000e+00,99,114,27,21,0,0,5,0,53422000,53422176,53424208,53424326,2.000000e+00,2.000000e+00
1,560_19_53689187-53691950,DEL,19,53689187,53691950,3006.67,1.110223e-16,4.534833e-10,72,42,24,19,0,0,0,0,53688999,53689152,53691952,53692055,2.000000e+00,3.238029e-01
2,560_19_56041874-56042143,DEL,19,56041874,56042143,566.45,0.000000e+00,0.000000e+00,93,96,16,16,0,0,0,0,56041594,56041762,56042144,56042229,9.999847e-01,1.000000e+00
2,560_20_2803163-2806409,DEL,20,2803163,2806409,3505.75,1.110223e-16,0.000000e+00,72,81,16,19,0,0,0,0,2802924,2803116,2806410,2806503,2.000000e+00,2.000000e+00
2,560_20_21286167-21288679,DEL,20,21286167,21288679,2922.13,4.440892e-15,3.537171e-13,48,45,10,9,0,0,0,0,21285907,21286030,21288779,21288846,9.892578e-01,9.804688e-01
1,560_20_31310882-31312778,DEL,20,31310882,31312778,2162.45,2.220446e-16,8.881784e-16,66,69,18,21,0,0,1,0,31310657,31310850,31312779,31312892,9.845581e-01,2.000000e+00
2,560_20_42271939-42274538,DEL,20,42271939,42274538,2982.04,1.110223e-16,7.579604e-12,72,42,16,12,0,0,1,0,42271664,42271816,42274600,42274687,9.893646e-01,8.061523e-01
2,560_20_44535372-44535783,DEL,20,44535372,44535783,660.67,0.000000e+00,0.000000e+00,90,96,25,18,0,0,0,1,44535150,44535287,44535784,44535868,2.000000e+00,1.000000e+00
2,560_20_61724699-61725597,DEL,20,61724699,61725597,1129.24,0.000000e+00,0.000000e+00,111,84,21,16,0,0,0,0,61724460,61724663,61725598,61725662,2.000000e+00,2.000000e+00
1,560_21_19687866-19688008,DEL,21,19687866,19688008,551.33,1.553726e-04,1.138491e-04,18,18,11,10,0,0,0,1,19687578,19687706,19688071,19688103,1.132812e-01,1.718750e-01
1,560_21_44970369-44973300,DEL,21,44970369,44973300,3146.48,6.761258e-14,1.110223e-15,69,78,32,41,3,3,0,0,44970165,44970308,44973301,44973403,2.000000e+00,5.863760e-02
1,560_21_46927379-46927407,DEL,21,46927379,46927407,280.50,2.658112e-04,1.578504e-05,24,30,30,30,8,8,0,0,46927112,46927318,46927408,46927584,2.000000e+00,1.624571e-04
1,560_22_18003668-18004137,DEL,22,18003668,18004137,903.75,2.339481e-04,7.291598e-04,24,18,29,18,3,1,0,4,18003453,18003471,18004243,18004296,5.185790e-05,3.768921e-03
2,560_22_24025619-24027538,DEL,22,24025619,24027538,2132.57,0.000000e+00,0.000000e+00,126,120,23,20,0,0,0,0,24025423,24025588,24027539,24027645,2.000000e+00,2.000000e+00
1,560_22_24276437-24279225,DEL,22,24276437,24279225,3021.37,9.412739e-10,1.363788e-07,57,42,43,37,2,1,1,0,24276228,24276353,24279226,24279337,3.030533e-04,3.764485e-04
1,560_22_29177335-29177638,DEL,22,29177335,29177638,545.12,1.583537e-10,7.697834e-09,48,48,23,38,0,1,0,0,29177150,29177297,29177639,29177739,2.000000e+00,2.548822e-03
2,560_22_37143213-37147873,DEL,22,37143213,37147873,4961.53,0.000000e+00,0.000000e+00,90,96,24,22,0,0,5,3,37142946,37143107,37147874,37147963,9.242052e-01,1.000000e+00
2,560_X_207553-207579,DEL,X,207553,207579,453.25,2.339481e-04,2.339481e-04,24,24,29,29,25,25,0,0,207314,207437,207640,207753,5.185790e-05,5.185790e-05
1,560_X_1387141-1387359,DEL,X,1387141,1387359,467.50,1.141793e-04,9.707341e-05,24,24,24,23,3,0,0,1,1387024,1387076,1387375,1387459,2.000000e+00,1.299739e-03
2,560_X_77121418-77123853,DEL,X,77121418,77123853,2726.25,1.598721e-14,0.000000e+00,48,54,11,10,0,0,0,0,77121246,77121343,77123860,77123977,9.995117e-01,2.000000e+00
1,560_X_119054952-119054981,DEL,X,119054952,119054981,417.00,2.056161e-04,1.553726e-04,18,18,12,11,3,4,1,1,119054662,119054783,119054982,119055098,7.299805e-02,1.132812e-01
2,608_1_869629-870156,DEL,1,869629,870156,1292.57,2.656920e-08,5.155745e-08,42,42,29,32,6,14,0,1,869058,869307,870261,870496,4.065029e-03,1.051200e-03
2,608_1_10482503-10483768,DEL,1,10482503,10483768,1639.06,0.000000e+00,0.000000e+00,102,126,21,23,0,0,0,0,10482259,10482423,10483769,10484118,2.000000e+00,2.000000e+00
1,608_1_16151936-16155439,DEL,1,16151936,16155439,3853.29,1.110223e-16,0.000000e+00,93,111,41,38,3,5,0,0,16151616,16151852,16155440,16155685,2.660856e-01,2.000000e+00
2,608_1_20932087-20932690,DEL,1,20932087,20932690,1138.09,2.109424e-15,1.332268e-15,66,66,23,22,1,0,3,3,20931730,20931850,20932691,20933131,5.000000e-01,2.000000e+00
2,608_1_25158704-25161509,DEL,1,25158704,25161509,3197.09,0.000000e+00,0.000000e+00,138,132,30,34,0,0,0,0,25158311,25158647,25161510,25161726,2.000000e+00,2.000000e+00
1,608_1_26460133-26464769,DEL,1,26460133,26464769,4991.80,3.984317e-07,7.834716e-07,30,36,16,30,1,1,0,0,26459904,26460026,26464770,26464858,2.000000e+00,2.000000e+00
1,608_1_55092275-55095966,DEL,1,55092275,55095966,4090.04,3.219647e-15,2.320366e-14,81,66,45,29,6,1,0,0,55091827,55092229,55095967,55096121,2.000000e+00,2.000000e+00
1,608_1_77100376-77100649,DEL,1,77100376,77100649,600.00,6.423210e-04,1.547912e-04,24,24,38,26,13,13,0,0,77100276,77100311,77100650,77100650,3.019268e-07,2.000000e+00
1,608_1_109573233-109575180,DEL,1,109573233,109575180,2331.60,0.000000e+00,1.110223e-16,90,90,44,37,5,0,0,0,109572807,109573200,109575181,109575475,4.862720e-02,2.000000e+00
1,608_1_110187360-110191247,DEL,1,110187360,110191247,4642.64,2.320366e-14,2.003953e-12,66,66,29,44,5,5,0,0,110186722,110187036,110191341,110191778,1.324654e-01,6.300169e-04
1,608_1_113611340-113613777,DEL,1,113611340,113613777,2884.81,0.000000e+00,0.000000e+00,156,186,43,32,5,0,0,0,113610962,113611282,113613778,113614262,2.000000e+00,1.000000e+00
1,608_1_118480970-118481013,DEL,1,118480970,118481013,892.50,9.287722e-04,6.423210e-04,24,24,42,38,11,9,0,0,118480360,118480646,118481044,118481418,2.826573e-08,3.019268e-07
1,608_1_144894312-144895071,DEL,1,144894312,144895071,1461.00,1.781175e-11,9.636736e-13,72,72,71,55,15,9,0,0,144893820,144894024,144895185,144895335,6.738834e-09,1.652688e-05
1,608_1_145092949-145097081,DEL,1,145092949,145097081,4544.08,0.000000e+00,0.000000e+00,294,312,109,102,9,8,0,0,145092558,145092913,145097082,145097509,2.000000e+00,2.000000e+00
2,608_1_150691452-150691770,DEL,1,150691452,150691770,728.67,3.236097e-10,5.338458e-08,54,48,38,49,27,17,0,0,150691038,150691413,150691771,150692190,2.000000e+00,9.823263e-07
2,608_1_156526724-156528935,DEL,1,156526724,156528935,2667.46,0.000000e+00,0.000000e+00,156,216,28,39,0,0,0,0,156526176,156526677,156528936,156529199,2.000000e+00,1.000000e+00
1,608_1_168024575-168025732,DEL,1,168024575,168025732,1583.63,0.000000e+00,0.000000e+00,228,222,59,80,0,0,0,0,168024019,168024527,168025733,168025978,2.000000e+00,2.000000e+00
2,608_1_179607282-179608059,DEL,1,179607282,179608059,1162.03,0.000000e+00,0.000000e+00,174,174,29,29,0,0,0,0,179606833,179607249,179608060,179608314,2.000000e+00,2.000000e+00
1,608_1_203684430-203686197,DEL,1,203684430,203686197,2448.75,6.854297e-05,1.653064e-05,24,24,21,16,4,0,0,0,203683916,203684141,203686201,203686405,3.598690e-03,3.840637e-02
1,608_1_219259837-219260130,DEL,1,219259837,219260130,1089.50,8.501040e-04,3.800435e-04,24,24,41,33,6,8,0,0,219259189,219259674,219260282,219260569,5.129186e-08,5.464302e-06
1,608_1_246702988-246703514,DEL,1,246702988,246703514,1007.38,3.241851e-14,0.000000e+00,72,78,41,34,3,2,0,0,246702539,246702857,246703542,246703789,2.979194e-02,1.147405e-01
2,608_1_247027894-247028189,DEL,1,247027894,247028189,769.00,1.232712e-10,7.223243e-08,54,48,34,51,24,15,0,0,247027383,247027839,247028190,247028418,2.000000e+00,3.433559e-07
2,608_2_36955676-36955976,DEL,2,36955676,36955976,726.11,0.000000e+00,0.000000e+00,108,96,39,38,21,20,0,0,36955191,36955590,36955977,36956270,3.743871e-01,6.867978e-01
1,608_2_44467110-44468689,DEL,2,44467110,44468689,2122.73,0.000000e+00,7.379045e-09,99,42,50,24,3,1,1,0,44466715,44467074,44468832,44469146,2.000000e+00,3.195733e-02
2,608_2_89029247-89032282,DEL,2,89029247,89032282,3443.12,0.000000e+00,0.000000e+00,144,156,28,46,0,0,0,0,89028785,89029210,89032283,89032590,2.000000e+00,2.000000e+00
2,608_2_97854429-97856082,DEL,2,97854429,97856082,2216.50,4.642283e-06,2.653053e-04,24,18,12,13,4,4,0,0,97854097,97854168,97856189,97856204,1.938477e-01,4.614258e-02
2,608_2_100103714-100105031,DEL,2,100103714,100105031,1724.12,0.000000e+00,0.000000e+00,150,168,25,28,0,0,0,0,100103284,100103673,100105032,100105341,2.000000e+00,2.000000e+00
2,608_2_103322498-103322818,DEL,2,103322498,103322818,763.57,2.096444e-08,1.639490e-08,42,42,28,27,20,20,0,0,103321987,103322414,103322819,103323046,6.270476e-03,2.000000e+00
2,608_2_106695079-106695894,DEL,2,106695079,106695894,1265.03,0.000000e+00,0.000000e+00,186,186,32,32,0,0,0,0,106694668,106695043,106695895,106696302,2.000000e+00,2.000000e+00
1,608_2_120417201-120418412,DEL,2,120417201,120418412,1671.68,0.000000e+00,0.000000e+00,186,123,75,76,6,3,0,0,120417080,120417154,120418413,120418890,1.241066e-01,2.976544e-05
1,608_2_208474496-208476786,DEL,2,208474496,208476786,2699.76,0.000000e+00,0.000000e+00,201,111,40,53,0,0,2,0,208473914,208474462,208476787,208477184,1.000000e+00,1.398274e-02
1,608_2_217089944-217092498,DEL,2,217089944,217092498,2994.85,0.000000e+00,0.000000e+00,162,195,85,44,0,0,0,0,217089553,217089911,217092499,217093112,2.000000e+00,2.000000e+00
2,608_2_217092807-217093111,DEL,2,217092807,217093111,746.45,1.059048e-04,1.139970e-08,33,51,45,40,21,21,1,2,217092499,217092714,217093112,217093424,3.939192e-08,2.000000e+00
2,608_2_223760192-223762671,DEL,2,223760192,223762671,2876.75,0.000000e+00,0.000000e+00,192,210,36,37,0,0,0,1,223759564,223760161,223762672,223763074,2.000000e+00,2.000000e+00
2,608_2_223797368-223797676,DEL,2,223797368,223797676,772.33,9.880985e-15,2.979711e-10,72,63,37,53,25,13,0,0,223796719,223797338,223797677,223798187,2.000000e+00,2.775260e-06
1,608_2_231325310-231325637,DEL,2,231325310,231325637,822.38,3.224647e-05,5.007261e-07,39,42,58,45,16,11,0,0,231324993,231325272,231325638,231325989,2.000000e+00,2.000000e+00
2,608_2_242506104-242507334,DEL,2,242506104,242507334,1603.60,0.000000e+00,0.000000e+00,171,174,34,34,0,0,0,0,242505619,242506061,242507335,242507488,2.000000e+00,2.000000e+00
1,608_2_242945401-242945437,DEL,2,242945401,242945437,886.17,1.305545e-04,1.214743e-04,36,36,75,74,14,13,0,0,242944812,242945207,242945503,242945947,5.773160e-15,1.076916e-14
1,608_3_3051552-3055413,DEL,3,3051552,3055413,4225.27,5.564438e-13,3.241851e-14,66,72,39,41,5,3,0,0,3051319,3051500,3055414,3055491,2.000000e+00,2.000000e+00
2,608_3_8720293-8721017,DEL,3,8720293,8721017,1260.92,0.000000e+00,0.000000e+00,108,132,55,51,12,18,1,0,8719755,8720236,8721018,8721356,7.609620e-03,2.004070e-01
1,608_3_13681184-13682257,DEL,3,13681184,13682257,1506.68,2.553513e-15,0.000000e+00,75,78,33,34,6,4,0,0,13680710,13681133,13682273,13682692,2.000000e+00,1.147405e-01
1,608_3_32806844-32807899,DEL,3,32806844,32807899,1732.57,7.379045e-09,2.803276e-09,42,39,24,14,6,1,0,0,32806306,32806629,32808070,32808240,3.195733e-02,3.952637e-01
2,608_3_42838374-42840810,DEL,3,42838374,42840810,2886.44,0.000000e+00,0.000000e+00,108,126,24,24,0,0,0,0,42837989,42838281,42840811,42841093,1.000000e+00,2.000000e+00
2,608_3_48957904-48958836,DEL,3,48957904,48958836,1480.64,2.220446e-16,0.000000e+00,75,72,27,26,0,0,0,0,48957227,48957704,48958837,48959219,3.505540e-01,4.225095e-01
1,608_3_49976315-49976859,DEL,3,49976315,49976859,1148.29,1.639490e-08,1.639490e-08,42,42,27,27,4,4,0,1,49975887,49976040,49976909,49977157,9.578645e-03,9.578645e-03
1,608_3_50123752-50124782,DEL,3,50123752,50124782,1459.85,2.331468e-15,3.330669e-16,78,78,44,38,6,5,0,0,50123258,50123679,50124814,50125047,2.000000e+00,3.647569e-02
1,608_3_100521630-100522507,DEL,3,100521630,100522507,1226.92,0.000000e+00,0.000000e+00,78,90,34,33,3,1,0,0,100521354,100521568,100522508,100522819,2.000000e+00,2.000000e+00
1,608_3_107037958-107040332,DEL,3,107037958,107040332,2800.37,0.000000e+00,0.000000e+00,123,90,21,15,0,0,0,0,107037517,107037917,107040333,107040559,2.000000e+00,2.000000e+00
2,608_3_114466485-114466793,DEL,3,114466485,114466793,797.00,5.084029e-09,2.103452e-06,48,42,36,56,27,22,0,0,114466044,114466450,114466794,114466995,2.000000e+00,3.727605e-09
2,608_3_186581034-186585284,DEL,3,186581034,186585284,4664.62,0.000000e+00,0.000000e+00,141,147,27,38,0,0,0,0,186580612,186580996,186585285,186585515,2.000000e+00,2.000000e+00
2,608_3_191856099-191856424,DEL,3,191856099,191856424,780.50,2.220446e-16,2.614464e-12,84,72,47,60,21,18,0,0,191855672,191856060,191856425,191856872,2.000000e+00,1.591814e-06
1,608_4_752331-753631,DEL,4,752331,753631,1889.50,8.190821e-05,8.577383e-05,24,33,22,43,5,17,0,0,751992,752123,753684,753876,2.171755e-03,1.249755e-07
1,608_4_40025091-40026154,DEL,4,40025091,40026154,1841.27,3.339312e-08,7.308414e-10,45,48,30,28,4,2,0,0,40024611,40024778,40026283,40026503,2.611440e-03,1.784907e-02
2,608_4_46056005-46058195,DEL,4,46056005,46058195,2626.00,0.000000e+00,0.000000e+00,96,96,16,48,0,0,0,0,46055563,46055953,46058196,46058384,2.000000e+00,2.000000e+00
2,608_4_56311274-56311443,DEL,4,56311274,56311443,496.00,6.872189e-05,6.872189e-05,30,30,41,41,35,35,0,0,56311186,56311201,56311444,56311444,3.920786e-07,2.000000e+00
2,608_4_84221720-84221994,DEL,4,84221720,84221994,711.45,4.796163e-14,9.462164e-11,66,60,31,47,19,16,0,0,84221184,84221684,84221995,84222380,2.000000e+00,4.924439e-05
1,608_4_101960157-101961069,DEL,4,101960157,101961069,1421.88,5.084029e-09,2.206201e-10,48,48,36,24,5,3,0,0,101959905,101960106,101961188,101961449,2.000000e+00,7.579482e-02
2,608_4_103873273-103875607,DEL,4,103873273,103875607,2942.38,4.111901e-10,2.846612e-13,48,48,26,14,0,0,4,0,103872601,103872950,103875608,103875830,3.775935e-02,2.000000e+00
1,608_4_113469990-113470282,DEL,4,113469990,113470282,841.33,1.002418e-05,2.929854e-05,36,36,47,57,12,17,0,0,113469798,113469957,113470283,113470743,2.000000e+00,2.838096e-10
2,608_4_139468879-139473239,DEL,4,139468879,139473239,4811.55,0.000000e+00,0.000000e+00,120,126,24,52,0,0,1,1,139468477,139468757,139473240,139473577,2.000000e+00,1.658425e-01
2,608_4_166002743-166005018,DEL,4,166002743,166005018,2880.57,0.000000e+00,0.000000e+00,84,87,15,17,0,0,0,0,166002274,166002506,166005019,166005456,9.999695e-01,9.988251e-01
1,608_4_178514258-178514564,DEL,4,178514258,178514564,768.50,4.254516e-05,9.719827e-05,36,36,61,71,14,12,1,0,178513847,178514224,178514565,178514955,2.000000e+00,6.661338e-14
2,608_4_186441638-186444073,DEL,4,186441638,186444073,2853.23,0.000000e+00,0.000000e+00,117,96,20,16,0,0,0,0,186441171,186441607,186444074,186444347,2.000000e+00,2.000000e+00
2,608_4_187353699-187357079,DEL,4,187353699,187357079,4156.95,4.440892e-16,4.773959e-14,63,48,17,12,5,0,0,0,187353078,187353407,187357165,187357335,8.338470e-01,9.270020e-01
2,608_5_484342-484500,DEL,5,484342,484500,969.00,2.479907e-05,2.479907e-05,30,30,33,33,27,21,0,0,483704,484076,484540,485046,3.309385e-05,3.309385e-05
1,608_5_1178295-1180732,DEL,5,1178295,1180732,2864.67,0.000000e+00,0.000000e+00,108,144,44,61,6,5,0,0,1177823,1178254,1180733,1181042,2.000000e+00,2.000000e+00
2,608_5_10639169-10640044,DEL,5,10639169,10640044,1602.36,4.662937e-15,2.220446e-16,66,69,25,18,0,4,0,0,10638549,10638927,10640176,10640467,5.000000e-01,9.518738e-01
2,608_5_13895093-13895380,DEL,5,13895093,13895380,719.50,7.266632e-12,1.709670e-10,60,60,36,50,25,16,0,0,13894666,13895058,13895381,13895742,2.000000e+00,1.193067e-05
1,608_5_37293821-37294130,DEL,5,37293821,37294130,778.17,6.081889e-06,6.922313e-06,36,36,43,44,19,18,0,0,37293359,37293701,37294131,37294360,8.180621e-07,2.000000e+00
2,608_5_42165942-42167769,DEL,5,42165942,42167769,2185.64,0.000000e+00,0.000000e+00,132,162,26,27,0,0,0,0,42165633,42165911,42167770,42167980,2.000000e+00,2.000000e+00
1,608_5_78109800-78111870,DEL,5,78109800,78111870,2483.22,5.043362e-10,0.000000e+00,54,84,40,40,8,4,0,0,78109562,78109749,78111871,78112197,2.000000e+00,2.145976e-01
1,608_5_119015158-119015465,DEL,5,119015158,119015465,805.33,0.000000e+00,1.554312e-15,90,90,40,68,20,17,0,0,119014671,119015126,119015466,119015944,2.000000e+00,2.057985e-06
1,608_5_176535284-176535640,DEL,5,176535284,176535640,925.29,1.135619e-07,6.339525e-08,42,42,36,33,10,9,0,0,176534882,176534984,176535657,176535832,1.562756e-04,6.593636e-04
2,608_6_5135268-5135655,DEL,6,5135268,5135655,878.20,1.343453e-05,1.249759e-05,30,27,29,15,3,4,0,0,5135077,5135124,5135817,5135854,2.730563e-04,5.923462e-02
2,608_6_29685489-29688080,DEL,6,29685489,29688080,3012.34,0.000000e+00,0.000000e+00,174,186,41,272,0,0,0,0,29685071,29685445,29688081,29688371,2.000000e+00,0.000000e+00
2,608_6_32561966-32564608,DEL,6,32561966,32564608,3158.89,3.330669e-16,1.110223e-16,81,90,38,43,2,1,0,0,32561567,32561928,32564609,32564972,2.000000e+00,1.800980e-01
1,608_6_40365509-40368845,DEL,6,40365509,40368845,3773.18,1.088019e-14,1.585870e-10,66,54,27,35,1,5,0,0,40365005,40365475,40368846,40369146,5.000000e-01,2.000000e+00
1,608_6_89921754-89922176,DEL,6,89921754,89922176,893.04,3.241851e-14,7.216450e-15,72,78,41,48,13,11,0,0,89921315,89921674,89922177,89922507,5.753895e-03,2.000000e+00
2,608_6_137313696-137314186,DEL,6,137313696,137314186,908.67,0.000000e+00,0.000000e+00,144,162,40,37,10,10,0,0,137313247,137313655,137314187,137314585,9.282285e-01,1.000000e+00
1,608_6_158548283-158549066,DEL,6,158548283,158549066,1143.92,0.000000e+00,0.000000e+00,150,150,27,35,0,0,0,0,158547877,158548250,158549067,158549296,2.000000e+00,2.000000e+00
1,608_6_159652126-159652422,DEL,6,159652126,159652422,832.00,2.103452e-06,7.664385e-07,42,42,56,48,26,14,0,0,159651670,159652077,159652423,159652890,2.000000e+00,2.000000e+00
1,608_6_170038130-170038446,DEL,6,170038130,170038446,734.36,8.439915e-13,6.232792e-13,84,84,88,86,31,25,0,0,170037801,170038100,170038447,170038746,2.000000e+00,7.225076e-11
1,608_7_879169-879455,DEL,7,879169,879455,804.33,3.502618e-06,1.604599e-06,36,36,39,34,13,15,0,0,878734,879082,879456,879595,7.149631e-06,2.000000e+00
1,608_7_32774978-32777560,DEL,7,32774978,32777560,3192.50,2.222853e-06,1.119534e-10,36,51,36,22,1,1,1,0,32774439,32774842,32777684,32778048,1.562756e-04,1.431394e-01
2,608_7_64315825-64318058,DEL,7,64315825,64318058,2641.83,0.000000e+00,0.000000e+00,108,144,25,30,0,0,0,0,64315515,64315776,64318059,64318385,2.000000e+00,2.000000e+00
1,608_7_65589706-65591965,DEL,7,65589706,65591965,2695.18,2.320366e-14,1.620926e-14,66,66,29,28,1,4,0,0,65589151,65589646,65591966,65592236,3.555356e-01,2.000000e+00
1,608_7_75664635-75667807,DEL,7,75664635,75667807,3627.21,0.000000e+00,1.135619e-07,87,42,44,36,4,7,0,0,75664102,75664593,75667808,75667892,2.000000e+00,2.000000e+00
2,608_7_76870545-76870796,DEL,7,76870545,76870796,748.60,6.124333e-05,5.440838e-05,30,30,40,39,32,32,0,0,76870035,76870461,76870797,76871194,6.913060e-07,2.000000e+00
1,608_7_81358339-81358612,DEL,7,81358339,81358612,600.00,6.922313e-06,1.416494e-05,36,36,44,50,22,16,0,0,81358264,81358304,81358613,81358613,2.000000e+00,1.621870e-08
2,608_7_93541817-93542539,DEL,7,93541817,93542539,1086.09,0.000000e+00,0.000000e+00,204,204,37,38,0,0,0,0,93541596,93541786,93542540,93542963,2.000000e+00,2.000000e+00
2,608_7_101001299-101003795,DEL,7,101001299,101003795,2926.60,1.629447e-07,5.155745e-08,45,42,38,32,3,2,1,0,101000935,101001166,101003796,101004121,5.808350e-05,2.000000e+00
1,608_7_127214970-127217981,DEL,7,127214970,127217981,3430.63,0.000000e+00,0.000000e+00,114,114,58,42,2,2,0,0,127214618,127214921,127217982,127218205,4.391252e-02,2.000000e+00
2,608_7_148072867-148076323,DEL,7,148072867,148076323,3854.89,0.000000e+00,0.000000e+00,114,144,26,27,0,0,1,1,148072445,148072833,148076324,148076597,2.000000e+00,2.000000e+00
2,608_7_149575930-149576094,DEL,7,149575930,149576094,588.12,7.697834e-09,7.697834e-09,48,48,38,38,30,30,0,0,149575318,149575897,149576095,149576565,2.000000e+00,2.000000e+00
2,608_8_6587845-6588150,DEL,8,6587845,6588150,730.21,0.000000e+00,0.000000e+00,144,150,45,45,19,19,0,0,6587398,6587754,6588151,6588393,7.246064e-01,1.000000e+00
2,608_8_18454621-18455944,DEL,8,18454621,18455944,1742.00,0.000000e+00,0.000000e+00,102,84,21,18,0,0,0,0,18454290,18454577,18455945,18456214,2.000000e+00,2.000000e+00
1,608_8_48095679-48098405,DEL,8,48095679,48098405,3093.25,4.285461e-14,0.000000e+00,72,102,42,51,10,7,0,0,48095404,48095646,48098406,48098567,2.000000e+00,1.313092e-01
1,608_8_71583572-71584643,DEL,8,71583572,71584643,1464.29,0.000000e+00,0.000000e+00,102,102,51,38,2,3,0,0,71583016,71583525,71584644,71584729,2.000000e+00,6.867978e-01
2,608_8_72214753-72217808,DEL,8,72214753,72217808,3438.88,0.000000e+00,0.000000e+00,156,126,26,23,0,0,0,0,72214405,72214718,72217809,72217980,2.000000e+00,2.000000e+00
1,608_8_131850750-131852741,DEL,8,131850750,131852741,2390.44,2.568502e-10,3.273617e-05,54,30,37,35,4,3,0,0,131850443,131850710,131852742,131852981,3.816039e-03,1.118076e-05
1,608_9_547418-547773,DEL,9,547418,547773,745.50,2.602766e-09,4.142187e-11,48,54,33,30,5,6,0,0,547151,547340,547774,548174,2.275692e-03,1.002442e-01
1,608_9_33573556-33574201,DEL,9,33573556,33574201,1267.75,5.256395e-04,5.819078e-04,24,24,36,37,5,8,0,0,33573047,33573245,33574214,33574473,9.707874e-07,5.421971e-07
1,608_9_35803109-35803400,DEL,9,35803109,35803400,713.00,5.084029e-09,6.625894e-09,48,54,36,54,15,17,0,0,35802723,35803076,35803401,35803591,2.000000e+00,3.644215e-07
1,608_9_100761076-100761388,DEL,9,100761076,100761388,776.15,1.958796e-05,1.265492e-05,39,36,53,49,17,16,0,0,100760592,100761017,100761389,100761782,2.000000e+00,2.000000e+00
1,608_9_101309049-101311664,DEL,9,101309049,101311664,2967.83,0.000000e+00,0.000000e+00,144,144,43,55,2,4,0,0,101308729,101309015,101311665,101311834,2.000000e+00,2.000000e+00
1,608_9_114333292-114333883,DEL,9,114333292,114333883,1012.27,1.110223e-16,0.000000e+00,99,102,62,55,4,6,0,0,114332949,114333256,114333884,114334211,2.000000e+00,2.000000e+00
2,608_9_115937099-115937379,DEL,9,115937099,115937379,644.00,7.697834e-09,9.392327e-09,48,48,38,39,30,30,0,0,115936583,115936999,115937380,115937380,2.359934e-04,2.000000e+00
1,608_9_125784801-125785789,DEL,9,125784801,125785789,1524.77,1.893225e-06,5.525910e-09,39,42,35,23,6,2,0,1,125784338,125784715,125785922,125786001,2.000000e+00,4.656982e-02
1,608_9_128027271-128027733,DEL,9,128027271,128027733,1106.00,1.585870e-10,3.236097e-10,54,54,35,38,2,3,2,10,128026702,128026947,128027811,128027857,2.994060e-03,8.290263e-04
2,608_9_131700977-131702103,DEL,9,131700977,131702103,1654.67,0.000000e+00,0.000000e+00,72,69,19,14,0,0,0,0,131700533,131700836,131702104,131702589,9.164658e-01,9.935303e-01
2,608_9_136379223-136379553,DEL,9,136379223,136379553,736.50,0.000000e+00,0.000000e+00,132,132,101,121,42,38,0,0,136378709,136379186,136379554,136380009,2.000000e+00,2.454037e-12
1,608_9_136625195-136626265,DEL,9,136625195,136626265,1523.42,9.880985e-15,1.332268e-14,72,72,37,38,6,6,0,0,136624863,136625160,136626279,136626550,2.000000e+00,1.677622e-02
1,608_9_138479104-138480199,DEL,9,138479104,138480199,1515.42,0.000000e+00,0.000000e+00,114,114,53,57,2,7,0,0,138478704,138479056,138480200,138480577,2.049233e-01,2.000000e+00
2,608_9_140253510-140255979,DEL,9,140253510,140255979,2785.86,3.227318e-11,2.752198e-11,42,36,14,8,0,0,4,0,140253194,140253383,140255980,140256021,2.000000e+00,2.000000e+00
1,608_10_4708519-4710522,DEL,10,4708519,4710522,2437.09,2.320366e-14,4.111901e-10,66,48,29,26,1,3,0,0,4708024,4708469,4710523,4710765,2.000000e+00,2.000000e+00
1,608_10_5889713-5892737,DEL,10,5889713,5892737,3802.18,6.761258e-14,6.331602e-13,66,60,32,28,5,5,0,0,5889036,5889457,5892806,5893015,5.509201e-02,9.246667e-02
2,608_10_7793832-7794038,DEL,10,7793832,7794038,576.93,0.000000e+00,0.000000e+00,90,90,40,47,25,25,0,0,7793481,7793742,7794039,7794207,7.692997e-02,2.000000e+00
1,608_10_13258022-13258320,DEL,10,13258022,13258320,876.57,4.164439e-08,1.937439e-07,42,42,31,39,10,12,0,0,13257552,13257990,13258321,13258805,2.000000e+00,2.000000e+00
2,608_10_13259269-13260603,DEL,10,13259269,13260603,1836.26,4.440892e-16,2.287059e-14,81,54,39,17,2,1,0,0,13258905,13259229,13260754,13260967,2.662596e-02,8.338470e-01
1,608_10_26999141-27002150,DEL,10,26999141,27002150,3567.33,0.000000e+00,0.000000e+00,108,108,19,25,0,0,0,0,26998627,26998903,27002151,27002450,9.999981e-01,1.000000e+00
1,608_10_27224204-27228085,DEL,10,27224204,27228085,4266.80,3.158585e-12,2.999823e-13,75,90,61,100,6,13,0,0,27223890,27224150,27228086,27228289,2.000000e+00,2.000000e+00
2,608_10_29712155-29712684,DEL,10,29712155,29712684,1041.00,3.089430e-09,0.000000e+00,102,102,262,84,7,4,16,25,29711752,29712101,29712721,29712967,0.000000e+00,4.497308e-08
1,608_10_45423228-45424150,DEL,10,45423228,45424150,1272.38,3.249623e-13,3.214096e-13,78,72,65,50,11,8,0,0,45422942,45423193,45424151,45424335,2.000000e+00,1.301086e-03
1,608_10_47088386-47088703,DEL,10,47088386,47088703,739.87,0.000000e+00,8.881784e-16,180,114,136,136,67,67,0,3,47087817,47088355,47088704,47089227,2.000000e+00,2.000000e+00
2,608_10_49917172-49917480,DEL,10,49917172,49917480,747.08,5.107026e-15,9.636736e-13,72,72,35,55,17,13,0,0,49916668,49917114,49917481,49917847,2.000000e+00,1.652688e-05
1,608_10_54015834-54018003,DEL,10,54015834,54018003,3019.33,2.729927e-12,2.729927e-12,54,54,22,22,1,4,0,0,54015390,54015571,54018282,54018447,2.617335e-01,2.617335e-01
2,608_10_99034874-99037397,DEL,10,99034874,99037397,2912.19,0.000000e+00,0.000000e+00,156,141,27,28,0,0,0,0,99034483,99034830,99037398,99037851,2.000000e+00,2.000000e+00
2,608_10_128106487-128106786,DEL,10,128106487,128106786,715.94,2.052909e-09,3.080469e-11,48,54,32,29,18,18,0,0,128106233,128106387,128106787,128107112,3.500179e-03,2.000000e+00
2,608_10_135104817-135105922,DEL,10,135104817,135105922,1604.96,0.000000e+00,0.000000e+00,144,150,25,28,0,0,0,0,135104241,135104689,135105923,135106298,2.000000e+00,1.000000e+00
1,608_11_1148853-1149428,DEL,11,1148853,1149428,1179.50,1.762139e-05,3.022755e-06,36,36,52,38,7,0,0,0,1148568,1148754,1149560,1149918,3.486905e-08,1.217128e-05
1,608_11_5760088-5762365,DEL,11,5760088,5762365,2691.75,2.553513e-15,7.272705e-11,72,54,33,32,5,7,1,0,5759752,5760055,5762366,5762563,2.000000e+00,2.000000e+00
2,608_11_7716916-7717220,DEL,11,7716916,7717220,740.73,1.110223e-16,1.476597e-13,90,78,51,61,29,20,0,0,7716503,7716882,7717221,7717574,2.000000e+00,3.832584e-06
1,608_11_10292747-10293669,DEL,11,10292747,10293669,1438.89,3.080469e-11,4.177880e-12,54,60,29,34,4,5,1,1,10292322,10292704,10293672,10293986,2.000000e+00,1.215325e-02
2,608_11_48600859-48604282,DEL,11,48600859,48604282,3839.11,0.000000e+00,0.000000e+00,162,156,28,26,0,0,0,0,48600365,48600807,48604283,48604567,2.000000e+00,2.000000e+00
1,608_11_58167000-58168149,DEL,11,58167000,58168149,1570.60,1.110223e-16,0.000000e+00,90,87,51,34,5,2,0,0,58166443,58166923,58168150,58168261,2.000000e+00,5.680863e-01
1,608_11_63698910-63701653,DEL,11,63698910,63701653,3124.27,0.000000e+00,0.000000e+00,189,153,75,92,2,14,1,0,63698244,63698879,63701654,63701905,2.000000e+00,2.000000e+00
2,608_11_65642112-65643519,DEL,11,65642112,65643519,1855.80,0.000000e+00,0.000000e+00,192,192,36,37,0,0,0,0,65641562,65642081,65643520,65643818,2.000000e+00,2.000000e+00
1,608_11_74024909-74027387,DEL,11,74024909,74027387,2929.08,9.503509e-14,2.320588e-12,75,63,45,32,7,4,0,0,74024434,74024863,74027388,74027604,2.000000e+00,2.000000e+00
2,608_11_93102817-93103118,DEL,11,93102817,93103118,737.00,9.412739e-10,9.507661e-11,54,54,43,33,13,11,0,0,93102355,93102720,93103119,93103381,8.507759e-05,4.007166e-02
1,608_12_4388762-4389314,DEL,12,4388762,4389314,970.57,1.110223e-16,0.000000e+00,84,84,37,44,1,5,0,0,4388363,4388718,4389331,4389577,2.000000e+00,1.131442e-02
1,608_12_7799645-7800438,DEL,12,7799645,7800438,1366.40,2.549527e-11,6.331602e-13,60,60,41,28,5,3,0,0,7799017,7799601,7800592,7800599,2.000000e+00,9.246667e-02
2,608_12_7822660-7824320,DEL,12,7822660,7824320,2207.40,4.083717e-09,6.046275e-13,45,48,22,15,0,1,1,0,7822303,7822571,7824436,7824738,2.000000e+00,6.963806e-01
2,608_12_9016979-9017867,DEL,12,9016979,9017867,1439.10,0.000000e+00,0.000000e+00,60,66,11,12,0,0,0,0,9016532,9016730,9017868,9018057,9.995117e-01,2.000000e+00
1,608_12_13725910-13726542,DEL,12,13725910,13726542,1051.93,1.110223e-16,0.000000e+00,90,90,41,44,7,6,0,0,13725426,13725877,13726554,13727006,2.000000e+00,2.438338e-02
2,608_12_29573421-29573748,DEL,12,29573421,29573748,752.91,6.255108e-12,9.537260e-12,66,66,49,51,32,32,0,0,29572940,29573373,29573749,29574039,2.000000e+00,2.000000e+00
1,608_12_40874768-40876424,DEL,12,40874768,40876424,2053.64,1.110223e-16,6.990094e-10,84,66,36,77,3,16,0,0,40874235,40874708,40876425,40876638,2.000000e+00,2.000000e+00
1,608_12_40877137-40877704,DEL,12,40877137,40877704,1223.66,5.329071e-15,2.442491e-15,87,90,60,71,5,20,0,0,40876563,40876839,40877758,40877951,2.111852e-05,5.207010e-07
1,608_12_48725482-48728380,DEL,12,48725482,48728380,3283.93,0.000000e+00,2.220446e-16,90,87,38,42,2,3,0,0,48725240,48725440,48728381,48728628,2.000000e+00,2.000000e+00
1,608_12_58028049-58028971,DEL,12,58028049,58028971,1753.30,3.273617e-05,1.352933e-06,30,39,35,33,3,5,3,1,58027478,58027985,58029068,58029467,5.842093e-05,1.620317e-04
1,608_12_66527652-66529876,DEL,12,66527652,66529876,2688.60,6.339525e-08,9.473533e-13,45,69,33,41,6,5,0,0,66527257,66527616,66529877,66530211,2.000000e+00,1.376658e-02
1,608_12_72356717-72358119,DEL,12,72356717,72358119,1992.37,0.000000e+00,0.000000e+00,96,93,17,23,0,0,0,0,72356127,72356480,72358120,72358359,1.000000e+00,1.000000e+00
1,608_12_96340356-96342954,DEL,12,96340356,96342954,3009.60,0.000000e+00,2.358672e-08,60,48,14,44,0,2,0,0,96340005,96340325,96342955,96343127,2.000000e+00,2.000000e+00
1,608_13_28268144-28268891,DEL,13,28268144,28268891,1294.92,3.552714e-15,2.220446e-16,72,72,34,27,4,3,0,0,28267863,28268110,28269049,28269203,1.957642e-01,3.505540e-01
2,608_13_43539810-43541447,DEL,13,43539810,43541447,2051.50,0.000000e+00,0.000000e+00,156,210,29,38,0,0,0,0,43539316,43539771,43541448,43541628,2.000000e+00,1.000000e+00
1,608_13_49951415-49953787,DEL,13,49951415,49953787,2864.17,0.000000e+00,0.000000e+00,108,84,42,45,4,3,0,0,49950990,49951360,49953857,49954035,2.000000e+00,8.047180e-03
2,608_13_101894147-101896424,DEL,13,101894147,101896424,2691.16,0.000000e+00,0.000000e+00,114,126,19,23,0,0,0,0,101893737,101894101,101896425,101896552,2.000000e+00,2.000000e+00
1,608_13_108947032-108951810,DEL,13,108947032,108951810,5195.25,2.735223e-05,9.405288e-08,24,45,18,35,3,4,0,0,108946601,108946936,108951811,108952145,1.544189e-02,2.000000e+00
2,608_14_21778189-21778401,DEL,14,21778189,21778401,539.00,1.343453e-05,1.343453e-05,30,30,29,29,24,24,0,0,21778101,21778101,21778402,21778402,2.730563e-04,2.000000e+00
2,608_14_21952625-21954662,DEL,14,21952625,21954662,2551.72,0.000000e+00,0.000000e+00,108,150,25,27,0,0,0,0,21952089,21952564,21954663,21954967,2.000000e+00,2.000000e+00
2,608_14_31813880-31814050,DEL,14,31813880,31814050,497.00,1.136623e-05,1.136623e-05,30,30,28,28,22,21,0,0,31813792,31813792,31814051,31814051,4.561171e-04,2.000000e+00
2,608_14_105415356-105415641,DEL,14,105415356,105415641,958.12,6.046275e-13,6.046275e-13,48,48,15,15,6,6,0,0,105414890,105415077,105415691,105415992,6.963806e-01,6.963806e-01
2,608_14_105417362-105418051,DEL,14,105417362,105418051,1448.89,3.119755e-06,1.218537e-08,27,30,11,9,1,0,0,0,105416922,105417082,105418218,105418567,2.744141e-01,7.460938e-01
1,608_14_106449028-106450848,DEL,14,106449028,106450848,2171.30,9.470758e-12,6.331602e-13,60,60,37,28,5,4,0,0,106448706,106448950,106450849,106450973,2.351551e-02,2.857941e-01
1,608_15_21933620-21934433,DEL,15,21933620,21934433,1331.08,5.138126e-09,1.283453e-09,72,72,118,104,28,25,0,0,21933275,21933569,21934520,21934776,2.000000e+00,1.110223e-16
2,608_15_29411483-29411897,DEL,15,29411483,29411897,890.47,0.000000e+00,0.000000e+00,135,132,45,61,20,12,0,0,29411078,29411451,29411898,29412276,2.000000e+00,2.025104e-02
1,608_15_41851541-41853321,DEL,15,41851541,41853321,2099.54,3.330669e-16,4.514708e-06,78,45,36,63,2,9,1,1,41851396,41851481,41853322,41853734,2.025161e-01,2.000000e+00
1,608_15_41866016-41870083,DEL,15,41866016,41870083,4441.56,2.220446e-16,0.000000e+00,108,102,87,79,7,17,1,0,41865506,41865984,41870084,41870460,2.000000e+00,2.000000e+00
1,608_15_43660442-43660754,DEL,15,43660442,43660754,874.17,4.042683e-06,8.501040e-04,36,24,40,41,15,15,0,2,43659968,43660412,43660755,43661072,2.000000e+00,3.920786e-07
1,608_15_44137061-44138852,DEL,15,44137061,44138852,2185.00,2.161664e-07,9.734522e-09,36,42,24,25,1,5,0,0,44136835,44137001,44138853,44139038,2.000000e+00,2.000000e+00
2,608_15_66633825-66634134,DEL,15,66633825,66634134,671.00,5.084029e-09,5.564490e-07,48,48,36,67,25,20,0,0,66633580,66633786,66634135,66634345,2.000000e+00,5.083745e-11
2,608_15_68426021-68428927,DEL,15,68426021,68428927,3288.58,0.000000e+00,2.220446e-16,114,72,40,18,0,0,0,0,68425583,68425983,68428928,68429139,2.000000e+00,2.000000e+00
2,608_15_77330749-77332721,DEL,15,77330749,77332721,2306.94,4.094276e-09,2.738136e-07,48,36,35,25,0,0,17,5,77330584,77330716,77332760,77332863,8.336924e-03,2.000000e+00
1,608_15_84541435-84543848,DEL,15,84541435,84543848,2808.46,4.440892e-16,1.110223e-16,78,84,39,48,9,4,0,0,84541113,84541367,84543849,84543968,2.000000e+00,2.000000e+00
2,608_15_92674577-92677070,DEL,15,92674577,92677070,2872.47,0.000000e+00,0.000000e+00,228,192,39,37,0,0,0,0,92674078,92674544,92677071,92677271,2.000000e+00,2.000000e+00
2,608_15_93515799-93516101,DEL,15,93515799,93516101,718.00,2.702130e-07,1.460469e-07,42,48,41,56,30,23,0,0,93515316,93515737,93516102,93516452,2.000000e+00,2.344092e-08
2,608_16_1422994-1424113,DEL,16,1422994,1424113,1665.50,0.000000e+00,0.000000e+00,84,96,16,41,0,4,0,0,1422535,1422771,1424122,1424402,9.997406e-01,1.057613e-01
1,608_16_4769940-4772224,DEL,16,4769940,4772224,2883.80,1.629447e-07,2.656920e-08,45,45,38,29,9,5,2,0,4769598,4769765,4772351,4772576,5.808350e-05,4.065029e-03
1,608_16_11683799-11685294,DEL,16,11683799,11685294,1956.75,2.320588e-12,4.219958e-13,60,66,32,38,4,2,0,0,11683503,11683703,11685295,11685474,2.505120e-02,2.000000e+00
1,608_16_57725396-57727846,DEL,16,57725396,57727846,2826.83,7.216450e-15,2.372547e-13,72,66,36,36,1,6,0,0,57725050,57725361,57727847,57728076,2.000000e+00,2.000000e+00
1,608_16_75429894-75430544,DEL,16,75429894,75430544,1305.40,5.435851e-06,5.435851e-06,30,30,24,24,0,2,0,0,75429454,75429640,75430688,75430777,3.305376e-03,3.305376e-03
2,608_16_81173941-81174276,DEL,16,81173941,81174276,986.86,7.579604e-12,3.186007e-12,42,42,12,11,4,4,0,0,81173520,81173691,81174346,81174558,8.061523e-01,8.867188e-01
1,608_16_88112732-88115667,DEL,16,88112732,88115667,3360.29,6.331602e-13,1.606608e-09,63,48,28,31,2,5,0,0,88112283,88112665,88115668,88115896,2.000000e+00,2.000000e+00
2,608_17_20774-21705,DEL,17,20774,21705,1391.67,2.738136e-07,2.143907e-05,36,30,25,32,15,8,0,0,20354,20451,21707,21808,7.316649e-03,2.675261e-04
1,608_17_193768-197057,DEL,17,193768,197057,3715.60,1.221245e-15,3.241851e-14,75,72,31,41,16,4,1,0,193396,193731,197058,197388,2.000000e+00,2.979194e-02
2,608_17_723916-724885,DEL,17,723916,724885,1542.48,0.000000e+00,0.000000e+00,75,78,14,20,0,0,0,2,723463,723673,724886,725197,9.990845e-01,9.423409e-01
1,608_17_8246776-8247968,DEL,17,8246776,8247968,1727.68,0.000000e+00,0.000000e+00,93,102,44,37,6,1,2,0,8246328,8246552,8247969,8248262,2.438338e-02,2.000000e+00
1,608_17_10203436-10203771,DEL,17,10203436,10203771,740.60,2.447089e-04,3.128587e-04,30,30,54,57,12,16,0,0,10203052,10203340,10203772,10204209,1.945695e-10,2.000000e+00
1,608_17_18791154-18792163,DEL,17,18791154,18792163,1532.67,2.568502e-10,1.812439e-12,54,54,37,21,7,3,0,0,18790682,18791067,18792164,18792389,2.000000e+00,5.000000e-01
1,608_17_27019298-27019898,DEL,17,27019298,27019898,1109.27,2.479907e-05,1.352933e-06,33,36,33,33,7,5,0,0,27018942,27019149,27019918,27020296,1.620317e-04,1.620317e-04
1,608_17_28179150-28181682,DEL,17,28179150,28181682,3113.60,2.220446e-16,0.000000e+00,75,84,27,39,3,1,0,0,28178535,28178979,28181686,28182169,3.505540e-01,5.406451e-02
1,608_17_46615804-46617220,DEL,17,46615804,46617220,1761.44,0.000000e+00,3.108624e-15,108,84,63,58,8,3,0,0,46615632,46615766,46617221,46617536,2.787940e-03,2.000000e+00
1,608_17_55089731-55092713,DEL,17,55089731,55092713,3540.50,1.547912e-04,3.800435e-04,24,24,26,33,5,4,0,2,55089390,55089615,55092841,55092951,2.000000e+00,5.464302e-06
1,608_17_55687812-55689914,DEL,17,55687812,55689914,2545.31,0.000000e+00,1.110223e-16,78,84,34,48,3,3,0,0,55687502,55687769,55689915,55690225,4.319159e-01,2.000000e+00
2,608_17_67087668-67087962,DEL,17,67087668,67087962,849.84,2.553513e-15,0.000000e+00,75,78,33,33,20,20,0,0,67087211,67087581,67087963,67088450,8.137783e-02,2.000000e+00
2,608_17_78575373-78576272,DEL,17,78575373,78576272,1363.55,0.000000e+00,0.000000e+00,153,162,30,28,0,0,0,0,78574885,78575316,78576273,78576726,2.000000e+00,1.000000e+00
2,608_17_79577698-79578003,DEL,17,79577698,79578003,791.00,3.330669e-16,1.110223e-16,78,84,37,37,22,22,0,0,79577098,79577609,79578004,79578365,4.943587e-02,2.000000e+00
2,608_18_21903373-21904593,DEL,18,21903373,21904593,1671.23,0.000000e+00,0.000000e+00,105,108,32,33,0,0,0,0,21902829,21903283,21904594,21904891,2.000000e+00,2.000000e+00
1,608_18_64219708-64221253,DEL,18,64219708,64221253,1945.50,7.308414e-10,6.274187e-09,48,51,28,37,4,2,0,0,64219360,64219673,64221254,64221457,2.000000e+00,2.000000e+00
1,608_19_605302-608431,DEL,19,605302,608431,3413.00,4.254516e-05,3.960587e-07,36,51,61,64,15,4,1,0,605028,605263,608432,608584,2.000000e+00,1.771112e-09
1,608_19_4511410-4511710,DEL,19,4511410,4511710,937.85,3.239395e-04,7.378864e-06,39,42,89,68,29,28,0,0,4510832,4511086,4511711,4511769,0.000000e+00,3.693712e-12
1,608_19_8411741-8414481,DEL,19,8411741,8414481,3144.70,5.532463e-12,4.051874e-10,60,57,35,39,4,2,0,0,8411407,8411604,8414482,8414734,2.000000e+00,4.737652e-03
1,608_19_9222963-9224943,DEL,19,9222963,9224943,2642.33,1.135619e-07,4.271572e-07,45,36,36,27,12,3,0,0,9222674,9222831,9225110,9225339,2.000000e+00,2.962306e-03
2,608_19_12694909-12698930,DEL,19,12694909,12698930,4434.85,0.000000e+00,0.000000e+00,120,165,29,29,0,0,2,0,12694609,12694816,12698931,12699266,2.000000e+00,1.000000e+00
1,608_19_14732346-14734126,DEL,19,14732346,14734126,2195.45,0.000000e+00,0.000000e+00,141,156,55,95,1,7,0,1,14731996,14732244,14734127,14734443,3.937033e-01,2.032206e-05
2,608_19_21903057-21905567,DEL,19,21903057,21905567,2930.73,0.000000e+00,0.000000e+00,90,90,23,39,0,0,0,0,21902707,21903024,21905568,21905788,2.000000e+00,2.000000e+00
2,608_19_37046196-37046497,DEL,19,37046196,37046497,744.85,3.330669e-16,1.110223e-16,78,78,38,35,22,22,0,0,37045705,37046164,37046498,37046790,2.000000e+00,2.000000e+00
2,608_19_46278661-46279614,DEL,19,46278661,46279614,1384.19,0.000000e+00,0.000000e+00,126,132,24,31,0,0,0,0,46278223,46278576,46279615,46279925,2.000000e+00,1.000000e+00
1,608_19_51406910-51408321,DEL,19,51406910,51408321,1946.33,9.707341e-05,5.326191e-06,27,36,23,42,4,6,0,1,51406228,51406677,51408322,51408582,1.299739e-03,2.000000e+00
2,608_19_52888817-52891386,DEL,19,52888817,52891386,3021.00,0.000000e+00,0.000000e+00,138,87,26,23,0,0,0,0,52888374,52888785,52891387,52891659,2.000000e+00,2.000000e+00
1,608_19_53096023-53097608,DEL,19,53096023,53097608,2022.92,5.107026e-15,0.000000e+00,72,102,35,46,7,4,0,1,53095717,53095963,53097609,53097863,2.000000e+00,3.291267e-01
2,608_19_53422212-53424206,DEL,19,53422212,53424206,2434.87,0.000000e+00,0.000000e+00,141,177,36,57,0,0,0,0,53421785,53422148,53424207,53424610,2.000000e+00,2.000000e+00
1,608_19_53689187-53691951,DEL,19,53689187,53691951,3188.88,0.000000e+00,7.771561e-16,96,75,44,30,0,1,0,1,53688789,53689128,53691952,53692236,2.000000e+00,2.000000e+00
2,608_19_55604728-55605352,DEL,19,55604728,55605352,1309.26,7.684873e-10,0.000000e+00,57,60,42,14,9,1,0,0,55604263,55604584,55605353,55605681,1.357696e-04,9.713135e-01
2,608_19_56041922-56042147,DEL,19,56041922,56042147,914.86,2.656920e-08,2.656920e-08,42,42,29,29,22,22,0,0,56041373,56041656,56042148,56042412,4.065029e-03,2.000000e+00
1,608_20_2359904-2360533,DEL,20,2359904,2360533,1118.12,1.278469e-06,1.002380e-06,48,42,75,50,9,6,0,0,2359702,2359843,2360542,2360940,3.829381e-12,1.049339e-07
1,608_20_2803163-2806409,DEL,20,2803163,2806409,3682.86,0.000000e+00,0.000000e+00,216,234,40,54,0,0,1,0,2802635,2803118,2806410,2806875,2.000000e+00,2.000000e+00
2,608_20_21286128-21288749,DEL,20,21286128,21288749,3147.86,0.000000e+00,0.000000e+00,84,108,17,19,0,0,0,0,21285699,21286017,21288750,21289125,2.000000e+00,2.000000e+00
2,608_20_30899241-30899532,DEL,20,30899241,30899532,688.31,1.110223e-16,3.330669e-16,87,78,37,36,20,20,0,0,30898716,30899133,30899533,30899972,9.387078e-02,2.000000e+00
1,608_20_31310873-31312778,DEL,20,31310873,31312778,2254.90,1.110223e-16,7.771561e-16,87,75,37,30,2,2,0,0,31310503,31310820,31312779,31312873,3.711543e-01,2.000000e+00
1,608_20_36625862-36626782,DEL,20,36625862,36626782,1419.78,7.272705e-11,4.142187e-11,54,54,32,30,6,6,0,0,36625437,36625823,36626920,36626972,2.000000e+00,2.138697e-02
1,608_20_42271900-42274561,DEL,20,42271900,42274561,3166.75,6.447423e-07,2.096444e-08,36,42,29,28,3,6,0,0,42271520,42271759,42274606,42274692,1.157850e-03,6.270476e-03
2,608_20_44535512-44535781,DEL,20,44535512,44535781,948.86,1.269877e-08,1.269877e-08,42,42,26,26,18,18,0,0,44534984,44535281,44535782,44535990,1.447964e-02,1.447964e-02
2,608_20_61724699-61725597,DEL,20,61724699,61725597,1294.00,0.000000e+00,0.000000e+00,252,252,42,42,0,0,0,0,61724292,61724660,61725598,61725875,2.000000e+00,2.000000e+00
1,608_20_62722327-62722498,DEL,20,62722327,62722498,888.00,4.158027e-04,7.291598e-04,18,18,15,18,7,7,0,0,62721940,62722005,62722639,62722757,1.757812e-02,3.768921e-03
1,608_21_47657353-47658673,DEL,21,47657353,47658673,1704.97,0.000000e+00,0.000000e+00,111,90,41,39,4,7,0,0,47656818,47657302,47658674,47658982,2.000000e+00,2.000000e+00
1,608_21_47801950-47804463,DEL,21,47801950,47804463,3144.87,1.110223e-16,4.285461e-14,90,72,43,42,4,7,0,0,47801271,47801846,47804549,47804759,1.800980e-01,3.957949e-03
1,608_22_24025619-24027538,DEL,22,24025619,24027538,2338.86,7.771561e-16,0.000000e+00,84,90,53,40,6,6,0,0,24025276,24025541,24027539,24027838,2.000000e+00,2.000000e+00
1,608_22_24195942-24198505,DEL,22,24195942,24198505,2983.70,0.000000e+00,0.000000e+00,111,132,55,78,0,0,15,1,24195544,24195899,24198506,24198749,2.000000e+00,2.000000e+00
1,608_22_24276437-24279225,DEL,22,24276437,24279225,3183.00,3.080469e-11,7.700596e-11,54,60,29,46,1,5,0,3,24275946,24276357,24279226,24279302,2.000000e+00,2.000000e+00
1,608_22_37905703-37906155,DEL,22,37905703,37906155,955.83,2.420286e-14,3.330669e-16,72,78,40,37,8,10,0,0,37905274,37905645,37906156,37906658,7.692997e-02,2.000000e+00
1,608_22_45745421-45746201,DEL,22,45745421,45746201,1389.00,6.423210e-04,3.384907e-04,24,30,38,58,6,7,0,0,45744930,45745173,45746229,45746631,3.019268e-07,2.000000e+00
1,608_22_46571563-46572891,DEL,22,46571563,46572891,1937.83,1.688863e-07,3.577030e-06,36,30,23,22,4,3,0,1,46571122,46571239,46572917,46573060,1.734483e-02,8.450270e-03
2,608_X_96194674-96194963,DEL,X,96194674,96194963,618.88,7.785061e-11,6.339525e-08,48,42,21,33,12,11,0,0,96194594,96194640,96194964,96194964,5.000000e-01,6.593636e-04
2,608_X_154285293-154285396,DEL,X,154285293,154285396,576.67,6.121919e-04,6.121919e-04,18,18,17,17,14,14,0,0,154284821,154285187,154285397,154285541,6.362915e-03,2.000000e+00
1,3755_1_1120138-1120182,DEL,1,1120138,1120182,1198.73,7.105427e-15,7.105427e-15,66,66,26,26,7,7,0,0,1119148,1119951,1120308,1121071,2.785985e-01,2.785985e-01
2,3755_1_152327571-152327622,DEL,1,152327571,152327622,1275.62,7.308414e-10,7.308414e-10,48,48,28,28,15,15,0,0,152326590,152327011,152327730,152328321,1.784907e-02,1.784907e-02
2,3755_11_134245838-134245855,DEL,11,134245838,134245855,1201.17,0.000000e+00,0.000000e+00,72,72,26,26,13,13,0,0,134244902,134245611,134246035,134246701,4.225095e-01,4.225095e-01
1,3755_11_134855802-134855846,DEL,11,134855802,134855846,1373.56,1.184375e-11,1.184375e-11,54,54,26,26,16,16,0,0,134855177,134855390,134856459,134856688,8.431877e-02,8.431877e-02
2,3755_19_540320-540689,DEL,19,540320,540689,1547.83,0.000000e+00,0.000000e+00,72,72,25,25,10,4,0,0,539309,539765,540690,541317,5.000000e-01,5.000000e-01
2,3755_19_1034097-1034839,DEL,19,1034097,1034839,2203.11,7.771561e-16,2.287059e-14,54,54,13,17,4,7,0,0,1033119,1033539,1035228,1035687,9.538574e-01,6.854706e-01
2,3755_19_1627752-1629083,DEL,19,1627752,1629083,1659.25,9.238554e-06,6.611711e-06,24,30,14,25,8,17,0,0,1627496,1627628,1629100,1629253,8.978271e-02,2.038658e-03
2,3755_19_3530244-3530500,DEL,19,3530244,3530500,1700.27,2.143907e-05,0.000000e+00,33,138,32,38,2,3,0,0,3529316,3529704,3530501,3531313,5.653710e-05,9.342711e-01
1,3755_19_16144130-16144258,DEL,19,16144130,16144258,1239.86,2.132478e-09,2.132478e-09,42,42,20,20,11,12,0,0,16143182,16143960,16144259,16145176,1.315880e-01,1.315880e-01
0,3755_19_20807298-20807300,DEL,19,20807298,20807300,1151.56,5.514389e-11,1.606608e-09,54,51,31,31,19,19,0,0,20806447,20807058,20807527,20808144,1.472469e-02,1.472469e-02
1,3755_19_46817696-46818927,DEL,19,46817696,46818927,2358.92,2.220446e-16,2.553513e-15,72,72,23,33,8,17,0,0,46816656,46817278,46819131,46819580,6.611803e-01,8.137783e-02
2,3755_19_55589890-55589929,DEL,19,55589890,55589929,1283.20,2.416784e-08,2.001276e-06,30,27,10,10,4,4,0,0,55589118,55589505,55590284,55590715,6.230469e-01,3.769531e-01
2,3755_19_55604781-55605490,DEL,19,55604781,55605490,1824.90,0.000000e+00,0.000000e+00,60,60,14,14,0,0,1,0,55604047,55604625,55605795,55606400,9.713135e-01,9.713135e-01
2,3755_19_55872973-55873173,DEL,19,55872973,55873173,1197.47,0.000000e+00,0.000000e+00,90,90,18,21,3,3,0,0,55872047,55872774,55873174,55873886,9.993439e-01,9.866982e-01
2,3755_19_56041841-56042143,DEL,19,56041841,56042143,1333.65,0.000000e+00,0.000000e+00,156,162,28,28,1,1,0,0,56040824,56041733,56042144,56043015,1.000000e+00,1.000000e+00
2,3755_19_56591541-56592089,DEL,19,56591541,56592089,1375.47,0.000000e+00,0.000000e+00,114,114,23,29,3,10,0,0,56590699,56591259,56592090,56592530,1.000000e+00,9.928545e-01
1,3885_19_13301251-13301525,DEL,19,13301251,13301525,1220.47,1.178724e-12,6.661338e-16,57,60,20,18,8,6,0,0,13300434,13301170,13301584,13302334,4.119015e-01,7.596588e-01
1,3885_19_13775921-13776857,DEL,19,13775921,13776857,1948.54,0.000000e+00,0.000000e+00,78,78,27,34,10,16,0,0,13775178,13775578,13776933,13777487,5.000000e-01,1.147405e-01
1,3885_19_17261382-17261657,DEL,19,17261382,17261657,1320.30,1.704525e-12,1.704525e-12,60,60,31,31,18,14,0,0,17260703,17261350,17261965,17262554,3.537777e-02,3.537777e-02
2,4091_19_1967758-1967842,DEL,19,1967758,1967842,1142.80,1.856894e-07,1.856894e-07,30,30,14,14,9,9,0,0,1967043,1967537,1968003,1968643,2.119751e-01,2.119751e-01
2,4091_19_12557712-12557963,DEL,19,12557712,12557963,1109.10,0.000000e+00,0.000000e+00,60,60,14,14,0,0,1,1,12556891,12557652,12557986,12558737,2.000000e+00,9.713135e-01
1,4091_19_13776133-13776819,DEL,19,13776133,13776819,1988.00,9.238554e-06,2.735223e-05,24,24,14,18,9,10,0,0,13775210,13775488,13777134,13777350,8.978271e-02,1.544189e-02
1,4091_19_15762160-15762398,DEL,19,15762160,15762398,1224.14,1.781278e-10,1.057049e-10,42,42,17,16,4,6,0,0,15761239,15761843,15762412,15763017,3.145294e-01,4.018097e-01
1,4091_19_17261537-17261752,DEL,19,17261537,17261752,1272.20,6.006307e-14,6.006307e-14,60,60,22,22,10,10,0,0,17260810,17261351,17261980,17262579,4.159060e-01,4.159060e-01
2,4217_1_900079-900153,DEL,1,900079,900153,1075.33,1.138491e-04,2.001276e-06,18,24,10,10,6,6,0,0,899217,899654,900189,900656,1.718750e-01,3.769531e-01
1,4217_1_46207296-46207699,DEL,1,46207296,46207699,1121.62,0.000000e+00,0.000000e+00,96,96,35,31,10,12,0,0,46206562,46207213,46207700,46208287,5.000000e-01,6.402976e-01
1,4217_1_117078182-117078485,DEL,1,117078182,117078485,1124.21,0.000000e+00,0.000000e+00,117,120,38,39,12,14,0,0,117077357,117078104,117078486,117079070,6.867978e-01,7.392119e-01
2,4217_1_144954706-144955360,DEL,1,144954706,144955360,1581.00,1.463299e-07,3.280538e-07,54,54,78,86,33,53,0,1,144953762,144954488,144955361,144956103,6.906697e-13,6.661338e-15
2,4217_1_247027957-247028186,DEL,1,247027957,247028186,1116.65,0.000000e+00,0.000000e+00,153,156,32,32,0,0,0,0,247027074,247027823,247028187,247028874,1.000000e+00,1.000000e+00
1,4217_1_248154841-248155445,DEL,1,248154841,248155445,1775.22,4.036438e-12,1.648570e-11,54,54,23,27,10,16,0,0,248153931,248154407,248155594,248156136,2.024364e-01,6.103906e-02
1,4217_11_677435-677575,DEL,11,677435,677575,1295.29,9.281464e-14,2.109424e-15,63,66,23,23,10,10,0,0,676615,677146,677867,678318,3.388197e-01,5.000000e-01
2,4217_11_1433358-1433521,DEL,11,1433358,1433521,1185.42,0.000000e+00,0.000000e+00,72,72,26,26,10,10,0,0,1432664,1433108,1433765,1434274,4.225095e-01,4.225095e-01
1,4217_11_68183215-68183401,DEL,11,68183215,68183401,1176.50,1.239120e-12,1.239120e-12,60,60,30,30,17,17,0,0,68182340,68183025,68183535,68184105,4.936857e-02,4.936857e-02
1,4312_1_58343224-58343280,DEL,1,58343224,58343280,1220.33,8.885853e-06,3.502618e-06,36,36,46,39,26,29,0,0,58342412,58343158,58343542,58344296,9.157716e-07,7.149631e-06
1,4312_19_1034126-1034654,DEL,19,1034126,1034654,1982.50,2.001276e-06,3.416698e-07,24,24,10,7,5,1,0,0,1033191,1033613,1035078,1035532,3.769531e-01,7.734375e-01
0,4312_19_18242434-18242435,DEL,19,18242434,18242435,1283.17,1.688863e-07,1.688863e-07,36,36,23,23,15,15,0,0,18241352,18242046,18242472,18243205,1.734483e-02,4.656982e-02
1,4312_19_20174350-20175255,DEL,19,20174350,20175255,1232.43,1.937439e-07,9.734522e-09,42,42,39,25,17,6,2,5,20174143,20174272,20175256,20175454,3.512739e-05,2.164263e-02
1,4312_19_22939149-22939564,DEL,19,22939149,22939564,1452.80,0.000000e+00,0.000000e+00,90,90,34,34,18,12,0,0,22938169,22938938,22939565,22940277,3.037957e-01,3.037957e-01
0,4312_19_27868061-27868089,DEL,19,27868061,27868089,1545.33,1.463299e-07,1.463299e-07,54,54,78,78,39,39,4,4,27867145,27867722,27868614,27869107,6.906697e-13,6.906697e-13
2,4410_1_17684837-17685086,DEL,1,17684837,17685086,1237.00,0.000000e+00,0.000000e+00,84,81,20,20,3,3,0,0,17683961,17684544,17685087,17685756,9.793053e-01,9.423409e-01
2,4410_1_46207373-46207598,DEL,1,46207373,46207598,1260.30,0.000000e+00,0.000000e+00,120,120,27,27,7,7,0,0,46206361,46207216,46207599,46208415,1.000000e+00,1.000000e+00
1,4410_11_93102923-93103118,DEL,11,93102923,93103118,1227.74,0.000000e+00,0.000000e+00,114,114,24,25,2,2,0,0,93101944,93102733,93103119,93103865,1.000000e+00,1.000000e+00
2,4697_1_869545-870282,DEL,1,869545,870282,1700.41,0.000000e+00,0.000000e+00,168,180,30,32,0,1,0,0,868630,869324,870283,870990,1.000000e+00,1.000000e+00
2,4697_1_1285401-1286434,DEL,1,1285401,1286434,1990.91,1.856894e-07,1.674378e-08,33,36,14,18,2,11,0,0,1284920,1285319,1286853,1287231,2.119751e-01,1.189423e-01
1,4697_1_24403015-24403302,DEL,1,24403015,24403302,1229.82,0.000000e+00,0.000000e+00,102,102,50,46,28,26,0,0,24401996,24402876,24403303,24404065,1.694737e-02,2.304973e-01
1,4697_1_153960839-153961776,DEL,1,153960839,153961776,1831.48,1.110223e-16,0.000000e+00,87,90,43,39,19,16,3,0,153960061,153960769,153961795,153962481,1.576975e-02,3.743871e-01
2,4697_1_228362037-228362156,DEL,1,228362037,228362156,1191.08,3.241851e-14,0.000000e+00,75,84,41,45,25,25,0,0,228361046,228361670,228362157,228362766,5.753895e-03,8.047180e-03
2,4697_1_236919119-236919721,DEL,1,236919119,236919721,1503.50,3.542783e-05,9.238554e-06,36,24,59,14,44,8,0,0,236918102,236918924,236920218,236920551,8.769596e-11,8.978271e-02
1,4697_1_247027970-247028188,DEL,1,247027970,247028188,1196.89,0.000000e+00,0.000000e+00,108,108,53,57,29,27,0,0,247026995,247027804,247028189,247028881,1.398274e-02,8.559110e-03
0,4697_1_247597273-247597275,DEL,1,247597273,247597275,1189.00,5.007261e-07,5.007261e-07,42,42,45,45,37,37,0,0,247596315,247596760,247597415,247597923,1.560655e-06,1.560655e-06
1,4756_1_1232759-1233086,DEL,1,1232759,1233086,1357.00,5.532463e-12,1.332268e-14,63,72,35,38,21,22,0,0,1231755,1232388,1233214,1233855,8.336924e-03,1.677622e-02
2,4756_1_1285841-1286321,DEL,1,1285841,1286321,1953.12,8.881784e-16,0.000000e+00,48,48,9,8,0,0,0,0,1284923,1285262,1286806,1287177,9.980469e-01,1.000000e+00
2,4756_1_2523932-2523980,DEL,1,2523932,2523980,1165.33,1.138491e-04,1.138491e-04,18,18,10,10,7,7,0,0,2523105,2523662,2524187,2524675,1.718750e-01,1.718750e-01
1,4756_1_20932260-20932401,DEL,1,20932260,20932401,1514.70,4.177880e-12,5.532463e-12,60,60,34,35,20,21,0,0,20931267,20931869,20932732,20933250,1.215325e-02,8.336924e-03
1,4756_1_24403141-24403317,DEL,1,24403141,24403317,1206.21,0.000000e+00,0.000000e+00,87,90,39,40,19,16,0,0,24402257,24402929,24403318,24404011,5.406451e-02,7.692997e-02
2,4756_11_196357-196531,DEL,11,196357,196531,1152.88,1.275631e-07,1.111245e-07,48,48,55,54,32,31,1,1,195478,195806,196583,196831,4.033805e-08,6.921677e-08
0,5379_1_228362107-228362115,DEL,1,228362107,228362115,1196.29,1.269877e-08,4.111901e-10,42,48,26,26,18,18,0,0,228361074,228361726,228362199,228362855,1.447964e-02,3.775935e-02
1,5379_1_247597453-247597486,DEL,1,247597453,247597486,1202.33,1.585870e-10,1.232712e-10,54,54,35,34,21,21,0,0,247596393,247596914,247597487,247598028,2.994060e-03,4.520593e-03
0,9114_1_17568186-17568206,DEL,1,17568186,17568206,1221.50,7.834716e-07,7.834716e-07,36,36,30,30,20,20,0,0,17567348,17567892,17568433,17569016,7.154532e-04,7.154532e-04
2,9114_1_17684838-17685086,DEL,1,17684838,17685086,1244.86,0.000000e+00,0.000000e+00,84,84,20,18,0,0,1,0,17683887,17684671,17685087,17685872,9.793053e-01,9.962311e-01
1,9114_1_20932100-20932665,DEL,1,20932100,20932665,1587.69,0.000000e+00,0.000000e+00,78,78,33,34,15,19,0,0,20931206,20931826,20932751,20933325,1.481032e-01,1.147405e-01
